TC-120-20,TC-120-20,code128,Alfa Romeo,48,unidad,unidad,unidad,643,860.12,2,No Tax,exclusive,05122017_1426441.jpeg,66,Sportage| Besta| Mazda 323| 626| B2200| E2200| Suzuki Vitara| Grand Vitara| B2200| E2200 - Inyector 24mm - Camara de agua Frontal,2.0 8v TD (RF)-2.2 8v D (R2),10,25,0,21,30,,ILLINOIS
04320170 MLS,4320170,code128,Alfa Romeo,48,unidad,unidad,unidad,918,996.41,1,No Tax,exclusive,01082018_1001371.jpeg,66,Sportage| Besta| Mazda 323| 626| B2200| E2200| Suzuki Vitara| Grand Vitara| B2200| E2200 - Inyector 24mm - Camara de agua Frontal,2.0 8v TD (RF)-2.2 8v D (R2),31,0,0,21,30,,CICCARELLI
TC-441-20 3M,TC-441-20 3M,code128,Alfa Romeo,48,unidad,unidad,unidad,1.061,1251.22,1,No Tax,exclusive,23112018_0859441.jpeg,66,Montero| L200| L300 - (Esp. 1.50),2.5 8v D (4D56)-2.5 8v TD (4D56T),10,25,0,21,30,,ILLINOIS
TC-441-20 2M,TC-441-20 2M,code128,Alfa Romeo,48,unidad,unidad,unidad,1.061,1251.22,1,No Tax,exclusive,23112018_0859271.jpeg,66,Montero| L200| L300 - (Esp. 1.40),2.5 8v D (4D56)-2.5 8v TD (4D56T),10,25,0,21,30,,ILLINOIS
TC-441-20 4M,TC-441-20 4M,code128,Alfa Romeo,48,unidad,unidad,unidad,1.061,1251.22,1,No Tax,exclusive,23112018_0900011.jpeg,66,Montero| L200| L300 - (Esp. 1.60),2.5 8v D (4D56)-2.5 8v TD (4D56T),10,25,0,21,30,,ILLINOIS
TC-441-20 5M,TC-441-20 5M,code128,Alfa Romeo,48,unidad,unidad,unidad,1.061,1251.22,1,No Tax,exclusive,23112018_0900221.jpeg,66,Montero| L200| L300 - (Esp. 1.70),2.5 8v D (4D56)-2.5 8v TD (4D56T),10,25,0,21,30,,ILLINOIS
TC-441-20 6M,TC-441-20 6M,code128,Alfa Romeo,48,unidad,unidad,unidad,1.061,1251.22,1,No Tax,exclusive,23112018_0900401.jpeg,66,Montero| L200| L300 - (Esp. 1.80),2.5 8v D (4D56)-2.5 8v TD (4D56T),10,25,0,21,30,,ILLINOIS
TC-441-20 7M,TC-441-20 7M,code128,Alfa Romeo,48,unidad,unidad,unidad,1.061,1251.22,1,No Tax,exclusive,23112018_0900561.jpeg,66,Montero| L200| L300 - (Esp. 2.10),2.5 8v D (4D56)-2.5 8v TD (4D56T),10,25,0,21,30,,ILLINOIS
TC-441-MG 3M,TC-441-MG 3M,code128,Alfa Romeo,48,unidad,unidad,unidad,1.663,1961.66,1,No Tax,exclusive,21112018_1540111.jpeg,66,Montero| L200| L300 - (Esp. 1.50),2.5 8v D (4D56)-2.5 8v TD (4D56T),10,25,0,21,30,,ILLINOIS
TC-611-15,TC-611-15,code128,Alfa Romeo,48,unidad,unidad,unidad,600,802.78,1,No Tax,exclusive,16042018_1434491.jpeg,66,Tiida| X Trail - Renault Fluence| Laguna| Megane| Scenic,1.8 16v (MR18R)-2.0 16v (MR20R)-2.0 16V (M4R),10,25,0,21,30,,ILLINOIS
TC-611-11,TC-611-11,code128,Alfa Romeo,48,unidad,unidad,unidad,735,1156.21,1,No Tax,exclusive,22052018_0704111.jpeg,66,Tiida| X Trail - Renault Fluence| Laguna| Megane| Scenic - CHAPA,1.8 16v (MR18R)-2.0 16v (MR20R)-2.0 16V (M4R),10,25,0,21,30,,ILLINOIS
TC-282-20 1M,TC-282-20 1M,code128,Alfa Romeo,48,unidad,unidad,unidad,1.071,1263.51,1,No Tax,exclusive,18042018_1230581.jpeg,66,Pathfinder| Terrano - (Espesor 1|25),2.7 8v TD (TD27),10,25,0,21,30,,ILLINOIS
TC-282-20 2M,TC-282-20 2M,code128,Alfa Romeo,48,unidad,unidad,unidad,1.071,1263.51,1,No Tax,exclusive,18042018_1352071.jpeg,66,Pathfinder| Terrano - (Espesor 1|35),2.7 8v TD (TD27),10,25,0,21,30,,ILLINOIS
TC-282-20 3M,TC-282-20 3M,code128,Alfa Romeo,48,unidad,unidad,unidad,1.071,1263.51,1,No Tax,exclusive,18042018_1356081.jpeg,66,Pathfinder| Terrano - (Espesor 1|45),2.7 8v TD (TD27),10,25,0,21,30,,ILLINOIS
TC-282-MG 3M,TC-282-MG 3M,code128,Alfa Romeo,48,unidad,unidad,unidad,1.300,1533.68,1,No Tax,exclusive,12032019_1032051.jpeg,66,Pathfinder| Terrano - (Espesor 1|45),2.7 8v TD (TD27),10,25,0,21,30,,ILLINOIS
TC-428-15,8.00143E+12,code128,Alfa Romeo,48,unidad,unidad,unidad,377,445.35,3,No Tax,exclusive,02012019_0948331.jpeg,66,504| 505 - Gama| C/aire,2.0 8v (504/505)-2.0 8v (505 GAMA),10,25,0,21,30,,ILLINOIS
TC-616-15,8.00162E+12,code128,Alfa Romeo,48,unidad,unidad,unidad,419,659.50,1,No Tax,exclusive,20072018_1310551.jpeg,66,205| 405| 306| Partner - A 84.30mm,1.6 8v Carb. (XU5)-1.8 8v Iny. (XU7JP)-1.9 8v Carb. (XU9),10,25,0,21,30,,ILLINOIS
TC-785-15,7.89859E+12,code128,Alfa Romeo,48,unidad,unidad,unidad,536,631.76,1,No Tax,exclusive,15032019_1048311.jpeg,66,206| 207| 307| C3,1.6 16v (TU5JP4),10,25,0,21,30,,ILLINOIS
TC-783-15,TC-783-15,code128,Alfa Romeo,48,unidad,unidad,unidad,557,656.88,1,No Tax,exclusive,29052019_1343221.jpeg,66,Xsara| 307| 406| 607| 806| 807,2.0 16v (EW10J4),25,0,0,21,30,,ILLINOIS
TC-242-20 1M,TC-242-20 1M,code128,Alfa Romeo,48,unidad,unidad,unidad,607,954.15,1,No Tax,exclusive,08062018_1213481.jpeg,66,206| 207| 307| 406| 806| 807| Xsara| Picasso| Xantia| C5| C4| Berlingo| Partner,2.0 8v HDI (DW10),10,25,0,21,30,,ILLINOIS
TC-242-20 2M,TC-242-20 2M,code128,Alfa Romeo,48,unidad,unidad,unidad,607,954.15,1,No Tax,exclusive,08062018_1215261.jpeg,66,206| 207| 307| 406| 806| 807| Xsara| Picasso| Xantia| C5| C4| Berlingo| Partner,2.0 8v HDI (DW10),10,25,0,21,30,,ILLINOIS
TC-242-20 3M,TC-242-20 3M,code128,Alfa Romeo,48,unidad,unidad,unidad,607,954.15,1,No Tax,exclusive,08062018_1217231.jpeg,66,206| 207| 307| 406| 806| 807| Xsara| Picasso| Xantia| C5| C4| Berlingo| Partner,2.0 8v HDI (DW10),10,25,0,21,30,,ILLINOIS
TC-242-20 4M,TC-242-20 4M,code128,Alfa Romeo,48,unidad,unidad,unidad,607,954.15,1,No Tax,exclusive,08062018_1219071.jpeg,66,206| 207| 307| 406| 806| 807| Xsara| Picasso| Xantia| C5| C4| Berlingo| Partner,2.0 8v HDI (DW10),10,25,0,21,30,,ILLINOIS
TC-414-15,TC-414-15,code128,Alfa Romeo,48,unidad,unidad,unidad,355,419.05,2,No Tax,exclusive,24052019_1110161.jpeg,66,R6| R12| R9| R11| Twingo,1.3 8v (R12)-1.4 8v (R6)-1.4 8v (R12)-1.3 8v (C3G - Twingo),25,0,0,21,30,,ILLINOIS
TC-529-15,7.89859E+12,code128,Alfa Romeo,48,unidad,unidad,unidad,360,424.14,3,No Tax,exclusive,14012019_1026591.jpeg,66,R9| R11| R12| R18| R19| Clio,1.6 8v (C1L/C2L)-1.6 8v (Carburador),10,25,0,21,30,,ILLINOIS
TC-594-15,TC-594-15,code128,Alfa Romeo,48,unidad,unidad,unidad,586,690.86,1,No Tax,exclusive,17052019_1553421.jpeg,66,R19,1.7 8v (F2N),25,0,0,21,30,,ILLINOIS
TC-331-15,7.89859E+12,code128,Alfa Romeo,48,unidad,unidad,unidad,655,773.15,2,No Tax,exclusive,21092018_1027071.jpeg,66,Megane| Scenic| Clio| Kangoo| Logan,1.6 8v (K7M),10,25,0,21,30,,ILLINOIS
TC-886-15,TC-886-15,code128,Alfa Romeo,48,unidad,unidad,unidad,691,815.44,1,No Tax,exclusive,28052019_1503591.jpeg,66,Clio 2| Kangoo| Twingo,1.2 16v (D4F),25,0,0,21,30,,ILLINOIS
TC-893-20 0M,TC-893-20 0M,code128,Alfa Romeo,48,unidad,unidad,unidad,810,955.60,1,No Tax,exclusive,07122017_1026481.jpeg,66,Clio 2| Kangoo| Megane - (Esp. 0.85),1.5 TDCI (K9K),10,25,0,21,30,,ILLINOIS
TC-893-20 2M,TC-893-20 2M,code128,Alfa Romeo,48,unidad,unidad,unidad,810,955.60,1,No Tax,exclusive,07122017_1034411.jpeg,66,Clio 2| Kangoo| Megane - (Esp. 1.00),1.5 TDCI (K9K),10,25,0,21,30,,ILLINOIS
TC-893-20 1M,TC-893-20 1M,code128,Alfa Romeo,48,unidad,unidad,unidad,810,955.60,1,No Tax,exclusive,07122017_1036561.jpeg,66,Clio 2| Kangoo| Megane - (Esp. 1|20),1.5 TDCI (K9K),10,25,0,21,30,,ILLINOIS
TC-893-20 3M,tc-893-20 3M,code128,Alfa Romeo,48,unidad,unidad,unidad,810,955.60,1,No Tax,exclusive,07122017_1038371.jpeg,66,Clio 2| Kangoo| Megane - (Esp. 1.40),1.5 TDCI (K9K),10,25,0,21,30,,ILLINOIS
TC-893-MG 0M,TC-893-MG 0M,code128,Alfa Romeo,48,unidad,unidad,unidad,1.098,1295.37,1,No Tax,exclusive,07122017_1030311.jpeg,66,Clio 2| Kangoo| Megane - (Esp. 0.85),1.5 TDCI (K9K),10,25,0,21,30,,ILLINOIS
TC-122-15,8.00112E+12,code128,Alfa Romeo,48,unidad,unidad,unidad,643,860.12,5,No Tax,exclusive,15072015_1240571.jpeg,66,1.4 - 1.6 16v - 414| 216 - (Esp. 1.50),1.4 16v (14K16)-1.6 16v (16k16),10,25,0,21,30,,ILLINOIS
TC-200-15,TC-200-15,code128,Alfa Romeo,48,unidad,unidad,unidad,702,828.18,2,No Tax,exclusive,09042019_1512191.jpeg,66,Tornado - 4 Bancadas - 181| 230| 300| S380,3.0 (Torino)-3.8 (Torino),10,25,0,21,30,,ILLINOIS
TC-272-20 3M,8.00127E+12,code128,Alfa Romeo,48,unidad,unidad,unidad,675,796.33,1,No Tax,exclusive,09042019_1656301.jpeg,66,Corolla| Starlet - (Esp. 1.65),1.5 8v D (1N),10,25,0,21,30,,ILLINOIS
JC063010/4 1-50,JC063010/4 1-50,code128,Alfa Romeo,48,unidad,unidad,unidad,1.609,2150.78,1,No Tax,exclusive,18072018_1254411.jpeg,66,Hilux - Multilamina esp. 1|50mm,2.8 8v D/TD (3L),15,0,0,21,30,,MAHLE
JC063010/4 1-60,JC063010/4 1-60,code128,Alfa Romeo,48,unidad,unidad,unidad,1.609,2150.78,1,No Tax,exclusive,18072018_1300051.jpeg,66,Hilux - Multilamina esp. 1|60mm,2.8 8v D/TD (3L),15,0,0,21,30,,MAHLE
JC063010/4 1-70,JC063010/4 1-70,code128,Alfa Romeo,48,unidad,unidad,unidad,1.609,2150.78,1,No Tax,exclusive,18072018_1302141.jpeg,66,Hilux - Multilamina esp. 1|70mm,2.8 8v D/TD (3L),15,0,0,21,30,,MAHLE
TC-527-20 3M,TC-527-20 3M IMP.,code128,Alfa Romeo,48,unidad,unidad,unidad,150,235.95,1,No Tax,exclusive,,66,Gol| Saveiro| Senda - (Esp. 1.60),1.6 8v D,0,0,0,21,30,,IMPORTADO
TC-497-15,7.89859E+12,code128,Alfa Romeo,48,unidad,unidad,unidad,365,430.37,5,No Tax,exclusive,04062019_0821531.jpeg,66,Senda| Gol| Saveiro| Escort| Polo,1.6 8v (Gol/Senda)-1.8 8v (Gol/Senda),25,0,0,21,30,,ILLINOIS
TC-527-20 4M,TC-527-20 4M,code128,Alfa Romeo,48,unidad,unidad,unidad,429,573.41,3,No Tax,exclusive,06122017_1047351.jpeg,66,Gol| Saveiro| Senda - (Esp. 1.70),1.6 8v D,10,25,0,21,30,,ILLINOIS
TC-784-15,7.89859E+12,code128,Alfa Romeo,48,unidad,unidad,unidad,495,583.98,1,No Tax,exclusive,24042018_1227461.jpeg,66,Suran| Voyage| Fox| Gol Power,1.6 8v (Fox/Suran)-1.4 8v (Gol/Fox),10,25,0,21,30,,ILLINOIS
82450 1M,82450,code128,Alfa Romeo,48,unidad,unidad,unidad,782,1230.05,1,No Tax,exclusive,23112018_0916031.jpeg,66,Amarok - Multilamina - Espesor 1|55mm,2.0 16v TDI (Amarok),0,0,0,21,30,,SABO
82451 2M,82451,code128,Alfa Romeo,48,unidad,unidad,unidad,782,1230.05,1,No Tax,exclusive,23112018_0915341.jpeg,66,Amarok - Multilamina - Espesor 1|63mm,2.0 16v TDI (Amarok),0,0,0,21,30,,SABO
82452 3M,82452,code128,Alfa Romeo,48,unidad,unidad,unidad,782,1230.05,1,No Tax,exclusive,23112018_0933091.jpeg,66,Amarok - Multilamina - Espesor 1|71mm,2.0 16v TDI (Amarok),0,0,0,21,30,,SABO
TC-402-20 2M,TC-402-20 2M,code128,Alfa Romeo,48,unidad,unidad,unidad,863,1017.94,1,No Tax,exclusive,23112018_0911551.jpeg,66,Bora| New Beatle| Passat| Sharan| A3| Golf,1.9 8v TDI (Iny. Bomba),10,25,0,21,30,,ILLINOIS
TC-402-20 3M,TC-402-20 3M,code128,Alfa Romeo,48,unidad,unidad,unidad,863,1017.94,1,No Tax,exclusive,23112018_0912111.jpeg,66,Bora| New Beatle| Passat| Sharan| A3| Golf,1.9 8v TDI (Iny. Bomba),10,25,0,21,30,,ILLINOIS
TC-402-20 1M,TC-402-20 1M,code128,Alfa Romeo,48,unidad,unidad,unidad,863,1017.94,1,No Tax,exclusive,23112018_0911351.jpeg,66,Bora| New Beatle| Passat| Sharan| A3| Golf,1.9 8v TDI (Iny. Bomba),10,25,0,21,30,,ILLINOIS
TC-652-MG 4M,8.00165E+12,code128,Alfa Romeo,48,unidad,unidad,unidad,879,1175.50,1,No Tax,exclusive,19042018_0755461.jpeg,66,Polo| Golf| Caddy| Transporter| Cordoba - METALICA (Esp. 1.80),1.9 8v D,10,25,0,21,30,,ILLINOIS
TC-652-MG 1M,8.00165E+12,code128,Alfa Romeo,48,unidad,unidad,unidad,879,1175.50,1,No Tax,exclusive,19042018_0745361.jpeg,66,Polo| Golf| Caddy| Transporter| Cordoba - METALICA (Esp. 1.50),1.9 8v D,10,25,0,21,30,,ILLINOIS
TC-816-11,TC-816-11,code128,Alfa Romeo,48,unidad,unidad,unidad,1.555,1834.42,1,No Tax,exclusive,27042017_0808041.jpeg,66,Golf| Passat| Bora| Cordoba| Toledo| Ibiza - Multilamina,1.6 8v (Golf/A3),10,25,0,21,30,,ILLINOIS
JVS-311-43,JVS-311-43,code128,Alfa Romeo,48,unidad,unidad,unidad,180,212.36,1,No Tax,exclusive,12062018_0915161.jpeg,67,Corsa| Agile| Celta| fun| Meriva,1.0 8v-1.4 8v (MPFI)-1.4 8v (G3)-1.6 8v (C16SE)-1.8 8v (MPFI),10,25,0,21,30,,ILLINOIS
JVS-262-43,JVS-262-43,code128,Alfa Romeo,48,unidad,unidad,unidad,278,437.79,1,No Tax,exclusive,12062018_1039341.jpeg,67,Luv| Trooper,2.3 8v (4ZD1),10,25,0,21,30,,ILLINOIS
JVS-305-43,JVS-305-43,code128,Alfa Romeo,48,unidad,unidad,unidad,291,458.29,3,No Tax,exclusive,22062018_1234111.jpeg,67,Astra| Vectra| Zafira,2.0 16v (Vectra)-2.0 16v Zafira (C20SEL)-2.2 16v (Vectra),10,25,0,21,30,,ILLINOIS
JVS-320-25,JVS-320-25,code128,Alfa Romeo,48,unidad,unidad,unidad,86,134.70,1,No Tax,exclusive,12062018_0827591.jpeg,67,Palio| Siena,1.3 8v (MPI),10,25,0,21,30,,ILLINOIS
JVS-244-23,8.00624E+12,code128,Alfa Romeo,48,unidad,unidad,unidad,100,157.15,5,No Tax,exclusive,08022017_1336231.jpeg,67,Duna| Uno| Palio| Siena| Regatta,1.4 8v (Tipo)-1.5 8v (Tipo)-1.6 8v (Tipo),10,25,0,21,30,,ILLINOIS
JVS-316-15,JVS-316-15,code128,Alfa Romeo,48,unidad,unidad,unidad,157,246.96,2,No Tax,exclusive,12062018_0833001.jpeg,67,Siena| Palio| Mito,1.3 16v (Fire),10,25,0,21,30,,ILLINOIS
JVS-299-43,JVS-299-43,code128,Alfa Romeo,48,unidad,unidad,unidad,186,291.86,3,No Tax,exclusive,08062018_1224391.jpeg,67,Siena| Doblo| Palio| Idea| Strada| Evo,1.3 8v (Fire)-1.4 8v (Fire),10,25,0,21,30,,ILLINOIS
JVS-255-30,JVS-255-30,code128,Alfa Romeo,48,unidad,unidad,unidad,99,116.64,1,No Tax,exclusive,12062018_0905071.jpeg,67,Ka| Fiesta,1.3 8v (Endura),10,25,0,21,30,,ILLINOIS
JVS-201-30,JVS-201-30,code128,Alfa Romeo,48,unidad,unidad,unidad,147,146.98,5,No Tax,exclusive,,67,Taunus,2.0 8v (Taunus)-2.3 8v (Taunus),10,25,0,21,30,,ILLINOIS
JVS-142-30,JVS-142-30,code128,Alfa Romeo,48,unidad,unidad,unidad,155,207.49,1,No Tax,exclusive,19042017_1341171.jpeg,67,Falcon| Falcon Sp| F100,3.0 12v (187)-3.0 12v (188)-3.0 12v (Max Econo)-3.6 12v (221)-3.6 12v (221 SP),10,25,0,21,30,,ILLINOIS
JVS-288-43,JVS-288-43,code128,Alfa Romeo,48,unidad,unidad,unidad,164,258.18,2,No Tax,exclusive,12062018_0757231.jpeg,67,206| Partner| Berlingo| Xsara| Expert - (Adaptacion),1.9 8v D (DW8),10,25,0,21,30,,ILLINOIS
JVS-303-43,JVS-303-43,code128,Alfa Romeo,48,unidad,unidad,unidad,243,381.66,2,No Tax,exclusive,12062018_0843551.jpeg,67,Ka| Fiesta| Eco Sport| Focus,1.0 8v (ZETEC ROCAM)-1.6 8v (ZETEC ROCAM),10,25,0,21,30,,ILLINOIS
JVS-267-43,JVS-267-43,code128,Alfa Romeo,48,unidad,unidad,unidad,257,404.11,2,No Tax,exclusive,12062018_0848021.jpeg,67,Fiesta| Currier - Medialuna de 32mm,1.8 8v D (ENDURA D),10,25,0,21,30,,ILLINOIS
JVS-391-43,JVS-391-43,code128,Alfa Romeo,48,unidad,unidad,unidad,507,797.00,1,No Tax,exclusive,12062018_0840581.jpeg,67,Focus| Fiesta| Fusion,1.6 16v (DOHC),10,25,0,21,30,,ILLINOIS
JVS-348-43,JVS-348-43,code128,Alfa Romeo,48,unidad,unidad,unidad,658,879.23,1,No Tax,exclusive,05012018_1330071.jpeg,67,Mondeo| Eco sport| Ranger,2.0 16v (DURATEC)-2.3 16v (DOHC),10,25,0,21,30,,ILLINOIS
JVS-208-43,JVS-208-43,code128,Alfa Romeo,48,unidad,unidad,unidad,71,112.25,1,No Tax,exclusive,12062018_0802071.jpeg,67,404| 504| 505,1.6 8v (404)-1.8 8v (504)-2.0 8v (504/505)-2.0 8v (505 GAMA),10,25,0,21,30,,ILLINOIS
JVS-286-43,JVS-286-43,code128,Alfa Romeo,48,unidad,unidad,unidad,136,213.28,1,No Tax,exclusive,12062018_0808521.jpeg,67,206| Partner| Berlingo| Xsara| Expert - (SUPERIOR),1.9 8v D (DW8),10,25,0,21,30,,ILLINOIS
JVS-181-30,JVS-181-30,code128,Alfa Romeo,48,unidad,unidad,unidad,136,213.28,1,No Tax,exclusive,12062018_1019451.jpeg,67,504| 505| Indenor,488 (INDENOR)-XD2 (INDENOR)-XD3 (INDENOR),10,25,0,21,30,,ILLINOIS
JVS-258-43,JVS-258-43,code128,Alfa Romeo,48,unidad,unidad,unidad,180,212.07,1,No Tax,exclusive,19122018_1530451.jpeg,67,205| 306| 405| Partner| Berlingo,1.7 8v D (XUD7)-1.9 8v D (XUD9)-1.9 8v TD (XUD9T),10,25,0,21,30,,ILLINOIS
JVS-287-43,JVS-287-43,code128,Alfa Romeo,48,unidad,unidad,unidad,200,314.31,1,No Tax,exclusive,12062018_1043581.jpeg,67,206| Partner| Berlingo| Xsara,1.9 8v D (DW8),10,25,0,21,30,,ILLINOIS
JVS-216-43,JVS-216-43,code128,Alfa Romeo,48,unidad,unidad,unidad,43,67.35,2,No Tax,exclusive,12062018_0945551.jpeg,67,1.3 - 1.4 8v - R12| R6,1.3 8v (R12)-1.4 8v (Junior)-1.4 8v (R12),10,25,0,21,30,,ILLINOIS
JVS-242-43,JVS-242-43,code128,Alfa Romeo,48,unidad,unidad,unidad,50,78.58,3,No Tax,exclusive,12062018_0940471.jpeg,67,R9| R11| R12| R18| R19| Clio| Trafic,1.6 8v (C1L/C2L)-1.6 8v (Carburador),10,25,0,21,30,,ILLINOIS
JVS-257-43,JVS-257-43,code128,Alfa Romeo,48,unidad,unidad,unidad,121,190.02,1,No Tax,exclusive,26072018_1041221.jpeg,67,Clio| Megane| Scenic| Kangoo| R19| Express| Rodeo,1.7 8v (F2N)-1.8 8v (F3P)-1.9 D (F8Q),10,25,0,21,30,,ILLINOIS
JVS-314-43,JVS-314-43,code128,Alfa Romeo,48,unidad,unidad,unidad,336,396.40,1,No Tax,exclusive,28052019_1455481.jpeg,67,Clio 2| Kangoo| Twingo,1.2 16v (D4F),25,0,0,21,30,,ILLINOIS
JVS-231-KIT,JVS-231-KIT,code128,Alfa Romeo,48,unidad,unidad,unidad,86,134.70,1,No Tax,exclusive,12062018_1002121.jpeg,67,Gol| Passat| Galaxy| Orion| Saveiro,1.6 8v (Gol/Senda)-1.8 8v (Gol/Senda)-2.0 8v (Go/Senda)-1.6 8v D,10,25,0,21,30,,ILLINOIS
JVS-279-43,JVS-279-43,code128,Alfa Romeo,48,unidad,unidad,unidad,271,426.56,3,No Tax,exclusive,12062018_1050001.jpeg,67,Polo| Gol| Caddy| Saveiro,1.9 8v D-1.9 8v TD,10,25,0,21,30,,ILLINOIS
JVS-266-43,7.89985E+12,code128,Alfa Romeo,48,unidad,unidad,unidad,321,505.14,3,No Tax,exclusive,12062018_1054431.jpeg,67,Gol| Saveiro| Senda| Polo| Escort (Goma y metal),1.6 8v (Gol/Senda)-1.8 8v (Gol/Senda)-2.0 8v (Go/Senda)-1.6 8v D,10,25,0,21,30,,ILLINOIS
TC-393-07,TC-393-07,code128,Alfa Romeo,48,unidad,unidad,unidad,239,319.58,2,No Tax,exclusive,05022018_1326391.jpeg,82,Amigo| Pick up| Rodeo| Trooper| Passport,2.6 8v (4ZE1),10,25,0,21,30,,ILLINOIS
TC-200090 1mm,200090-1MM,code128,Alfa Romeo,48,unidad,unidad,unidad,463,727.51,1,No Tax,exclusive,05072017_0718561.jpeg,82,194 - 230 - 250 - Chevy| Chevrolet 400 - 7B - Competicion,NULL,0,0,0,21,30,,TARANTO
TC-200090 0-80mm,200090-0-80,code128,Alfa Romeo,48,unidad,unidad,unidad,463,727.51,1,No Tax,exclusive,05072017_0721161.jpeg,82,194 - 230 - 250 - Chevy| Chevrolet 400 - 7B - Competicion,NULL,0,0,0,21,30,,TARANTO
TC-795-15,8.0018E+12,code128,Alfa Romeo,48,unidad,unidad,unidad,472,473.48,2,No Tax,exclusive,24062015_1529561.jpeg,82,1.6 16v - Nafta - Motor F16D3 - Descarga simple - Aveo,NULL,10,25,0,21,30,,ILLINOIS
TC-796-15,8.0018E+12,code128,Alfa Romeo,48,unidad,unidad,unidad,472,473.48,2,No Tax,exclusive,24062015_1531241.jpeg,82,1.6 16v - Motor F16D3 - Descarga doble - Aveo,NULL,10,25,0,21,30,,ILLINOIS
TC-525-15,8.00153E+12,code128,Alfa Romeo,48,unidad,unidad,unidad,551,552.40,2,No Tax,exclusive,24062015_1545341.jpeg,82,1.4 - 1.6 8v - Chevette - 85 / 98,NULL,10,25,0,21,30,,ILLINOIS
TC-612-15,7.89859E+12,code128,Alfa Romeo,48,unidad,unidad,unidad,551,552.40,2,No Tax,exclusive,24062015_1424381.jpeg,82,2.0 - 2.2 8v - Nafta - Monza| Astra| Vectra| Zafira,NULL,10,25,0,21,30,,ILLINOIS
TC-552-15,7.89859E+12,code128,Alfa Romeo,48,unidad,unidad,unidad,590,591.86,2,No Tax,exclusive,24062015_1550171.jpeg,82,1.8 16v - Nafta - Corsa 2| Meriva| Palio,NULL,10,25,0,21,30,,ILLINOIS
TC-705-15,7.89859E+12,code128,Alfa Romeo,48,unidad,unidad,unidad,611,612.90,2,No Tax,exclusive,24062015_1447391.jpeg,82,1.0 8v - Nafta - Fun| Celta,NULL,10,25,0,21,30,,ILLINOIS
JD - 1M,7.79396E+12,code128,Alfa Romeo,48,unidad,unidad,unidad,619,613.42,0,No Tax,exclusive,28052015_1306431.jpeg,82,1.7 8v Diesel - Motor 4EE1 - Corsa| Corsa Combo - c/ tapa,NULL,16,25,0,21,30,,TARANTO
JD - 2M,7.79396E+12,code128,Alfa Romeo,48,unidad,unidad,unidad,619,613.42,0,No Tax,exclusive,28052015_1319431.jpeg,82,1.7 8v Diesel - Motor 4EE1 - Corsa| Corsa Combo - c/ tapa 2M,NULL,16,25,0,21,30,,TARANTO
JD - 0M,7.79396E+12,code128,Alfa Romeo,48,unidad,unidad,unidad,619,613.42,0,No Tax,exclusive,28052015_1323071.jpeg,82,1.7 8v Diesel - Motor 4EE1 - Corsa| Corsa Combo - c/ tapa 0M,NULL,16,25,0,21,30,,TARANTO
TC-896-15,7.79396E+12,code128,Alfa Romeo,48,unidad,unidad,unidad,630,631.31,1,No Tax,exclusive,24062015_1547331.jpeg,82,1.0 16v - Motor MPFI - Corsa 1998/...,NULL,10,25,0,21,30,,ILLINOIS
TC-512-20 1M,8.00151E+12,code128,Alfa Romeo,48,unidad,unidad,unidad,755,890.70,1,No Tax,exclusive,27022019_1021561.jpeg,82,Corsa| Corsa Combo - (Esp. 1.50),1.7 D (4EE1)-1.7 TD (4EE1T),10,25,0,21,30,,ILLINOIS
TC-512-20 3M,8.00151E+12,code128,Alfa Romeo,48,unidad,unidad,unidad,755,890.70,1,No Tax,exclusive,27022019_1022461.jpeg,82,Corsa| Corsa Combo - (Esp. 1.70),1.7 D (4EE1)-1.7 TD (4EE1T),10,25,0,21,30,,ILLINOIS
TC-512-20 4M,8.00156E+12,code128,Alfa Romeo,48,unidad,unidad,unidad,755,890.70,1,No Tax,exclusive,27022019_1023061.jpeg,82,Corsa| Corsa Combo - (Esp. 1.80),1.7 D (4EE1)-1.7 TD (4EE1T),10,25,0,21,30,,ILLINOIS
TC-512-20 2M,8.00151E+12,code128,Alfa Romeo,48,unidad,unidad,unidad,755,890.70,2,No Tax,exclusive,27022019_1022241.jpeg,82,Corsa| Corsa Combo - (Esp. 1.60),1.7 D (4EE1)-1.7 TD (4EE1T),10,25,0,21,30,,ILLINOIS
JD-168-15,8.01217E+12,code128,Alfa Romeo,48,unidad,unidad,unidad,761,762.83,1,No Tax,exclusive,28042015_1244081.jpeg,82,1.4 8v Nafta - Corsa - Modelo Viejo,NULL,10,25,0,21,30,,ILLINOIS
JD-374-15,8.01237E+12,code128,Alfa Romeo,48,unidad,unidad,unidad,766,768.09,1,No Tax,exclusive,28042015_1239541.jpeg,82,1.5 - 1.6 8v - Corsa| Astra| Vectra - Daewo,NULL,10,25,0,21,30,,ILLINOIS
JD-333-15,8.01233E+12,code128,Alfa Romeo,48,unidad,unidad,unidad,801,944.98,4,No Tax,exclusive,23042019_0755561.jpeg,82,Corsa,1.6 8v (C16SE),25,0,0,21,30,,ILLINOIS
JD-274-ST Chevrolet 1.7 8v 4EE1 D y TD,8.01227E+12,code128,Alfa Romeo,48,unidad,unidad,unidad,879,881.21,2,No Tax,exclusive,28052015_1301151.jpeg,82,Corsa| Corsa Combo,NULL,10,25,0,21,30,,ILLINOIS
JD-335-15,8.01234E+12,code128,Alfa Romeo,48,unidad,unidad,unidad,902,904.89,1,No Tax,exclusive,28042015_1242261.jpeg,82,1.4 - 1.6 8v - Chevette,NULL,10,25,0,21,30,,ILLINOIS
JD-319-15,7.89859E+12,code128,Alfa Romeo,48,unidad,unidad,unidad,978,981.16,5,No Tax,exclusive,28042015_1224451.jpeg,82,1.8 8v - Nafta - Corsa 2| Meriva| Palio| Stylo,NULL,10,25,0,21,30,,ILLINOIS
JD-380-15,7.89859E+12,code128,Alfa Romeo,48,unidad,unidad,unidad,1.015,1018.00,1,No Tax,exclusive,07072015_1445261.jpeg,82,1.8 - 2.0 8v - Nafta - Astra| Vectra| Kadett| Monza,NULL,10,25,0,21,30,,ILLINOIS
JD-540-15,7.89859E+12,code128,Alfa Romeo,48,unidad,unidad,unidad,1.015,1018.00,2,No Tax,exclusive,28042015_1232161.jpeg,82,1.4 8v Nafta - Corsa classic| Agile| Celta| fun - L/N,NULL,10,25,0,21,30,,ILLINOIS
JR-374-15,8.00437E+12,code128,Alfa Romeo,48,unidad,unidad,unidad,1.056,1661.34,1,No Tax,exclusive,15062018_1333381.jpeg,82,Daewo| Corsa - Modelo Viejo,1.5 8v (Daewo)-1.6 8v (C16SE),10,25,0,21,30,,ILLINOIS
JR-373-15,8.00437E+12,code128,Alfa Romeo,48,unidad,unidad,unidad,1.056,1661.34,2,No Tax,exclusive,15062018_1023181.jpeg,82,Corsa - L/vieja,1.4 8v (EFI),10,25,0,21,30,,ILLINOIS
JD-521-15 Suzuki Chevrolet 1.0 8v,7.89859E+12,code128,Alfa Romeo,48,unidad,unidad,unidad,1.167,1170.56,2,No Tax,exclusive,28072015_1056501.jpeg,82,Fun| Celta,NULL,10,25,0,21,30,,ILLINOIS
JD-103-15 Chevrolet 230 / 250 3-2cc,8.0121E+12,code128,Alfa Romeo,48,unidad,unidad,unidad,1.204,1207.39,1,No Tax,exclusive,03062015_1320381.jpeg,82,6 Cil,NULL,10,25,0,21,30,,ILLINOIS
JD-537-15,7.89859E+12,code128,Alfa Romeo,48,unidad,unidad,unidad,1.215,1433.40,1,No Tax,exclusive,07032019_0706261.jpeg,82,Astra| Vectra| Daewo| Zafira,2.2 16v (Vectra)-2.0 16v (Vectra)-2.4 16v (Zafira),10,25,0,21,30,,ILLINOIS
SJ-274,8.01327E+12,code128,Alfa Romeo,48,unidad,unidad,unidad,1.369,1373.11,2,No Tax,exclusive,23042015_1401471.jpeg,82,Corsa| Corsa combo,1.7 D (4EE1)-1.7 TD (4EE1T),10,25,0,21,30,,ILLINOIS
JR-333-15,7.89859E+12,code128,Alfa Romeo,48,unidad,unidad,unidad,1.458,1462.53,3,No Tax,exclusive,16042015_1246161.jpeg,82,1.6 8v Nafta - Motor MPFI - Corsa| Vectra| Kadett,1.6 8v (C16SE),10,25,0,21,30,,ILLINOIS
JR-319-15,7.89859E+12,code128,Alfa Romeo,48,unidad,unidad,unidad,1.472,1475.69,2,No Tax,exclusive,16042015_1315371.jpeg,82,1.8 8v Nafta - Corsa 2| Meriva| Palio| Stylo,1.8 8v (MPFI),10,25,0,21,30,,ILLINOIS
JR-540-15,7.89859E+12,code128,Alfa Romeo,48,unidad,unidad,unidad,1.506,1247.85,2,No Tax,exclusive,16042015_1254381.jpeg,82,Corsa classic| Agile| Celta| fun,1.4 8v (MPFI),10,25,0,21,30,,ILLINOIS
JR-538-15,JR-538-15,code128,Alfa Romeo,48,unidad,unidad,unidad,1.621,1625.63,1,No Tax,exclusive,24042015_0915461.jpeg,82,2.0 - 2.2 8v Nafta - Motor MPFI - Vectra,NULL,10,25,0,21,30,,ILLINOIS
JR-521-15,8.00452E+12,code128,Alfa Romeo,48,unidad,unidad,unidad,1.836,1841.33,3,No Tax,exclusive,16042015_1305121.jpeg,82,MPFI - Fun| Celta,1.0 8v,10,25,0,21,30,,ILLINOIS
JR-480-15,8.00448E+12,code128,Alfa Romeo,48,unidad,unidad,unidad,2.088,2093.85,1,No Tax,exclusive,16042015_1320521.jpeg,82,Nafta - Monza| Kadett,1.8 8v (Kadett),10,25,0,21,30,,ILLINOIS
JR-122-15,8.00412E+12,code128,Alfa Romeo,48,unidad,unidad,unidad,2.592,2598.91,1,No Tax,exclusive,16042015_1317271.jpeg,82,2.3 8v - Motor 4ZD1 - Luv| Amigo| Trooper,"2.3 8v (4ZD1)
",10,25,0,21,30,,ILLINOIS
JR-537-15,7.89859E+12,code128,Alfa Romeo,48,unidad,unidad,unidad,2.628,2635.72,1,No Tax,exclusive,16042015_1301491.jpeg,82,2.0 - 2.2 16v - Zafira| Vectra| Astra,NULL,10,25,0,21,30,,ILLINOIS
JR-TH012,92061099,code128,Alfa Romeo,48,unidad,unidad,unidad,183,298.28,1,No Tax,exclusive,,82,2.0 - 2.2 16v - Motor X20SE| X22SE - Nubira| Leganza - c/ junta comÃºn y retenes,NULL,10,0,0,21,50,,THG
JR-TH010,S1140005,code128,Alfa Romeo,48,unidad,unidad,unidad,550,898.43,1,No Tax,exclusive,,82,1.5 8v - Motor G15MF - Siena - c/ junta comÃºn y retenes,NULL,10,0,0,21,50,,THG
JR-TH135,04111-87703,code128,Alfa Romeo,48,unidad,unidad,unidad,293,477.96,1,No Tax,exclusive,,82,1.0 6v 3Ci - Motor CB - Charade c/junta comÃºn y retenes,NULL,10,0,0,21,50,,THG
JR-TH136,04111-87752,code128,Alfa Romeo,48,unidad,unidad,unidad,323,528.27,1,No Tax,exclusive,,82,1.0 6v 3Ci - Motor CB - HIJET - c/junta comÃºn y retenes,NULL,10,0,0,21,50,,THG
JB-187,JB-187,code128,Alfa Romeo,48,unidad,unidad,unidad,29,88.22,1,No Tax,exclusive,16112017_0744041.jpeg,82,128 EUROPA WEBER,NULL,10,25,0,21,30,,ILLINOIS
JSA-188-11,4309031,code128,Alfa Romeo,48,unidad,unidad,unidad,75,74.74,5,No Tax,exclusive,,82,1.4 - 1.5 - 1.6 8v Nafta - Motor Tipo - Duna| Uno| Palio| Siena| Regatta,NULL,10,25,0,21,30,,ILLINOIS
TC-250190 0-80mm,250190-0-80,code128,Alfa Romeo,48,unidad,unidad,unidad,155,243.82,1,No Tax,exclusive,05072017_0723411.jpeg,82,Coupe 850 - Competicion,600 (E/R)-850 (S)-133,0,0,0,21,30,,TARANTO
TC-250406 SUPERMEDIDA,250406-SUPERMEDIDA,code128,Alfa Romeo,48,unidad,unidad,unidad,188,294.94,1,No Tax,exclusive,05072017_0729391.jpeg,82,1.100cc 8v - Motor Tipo - 128| 147| Spazio| Europa - Supermedida,NULL,0,0,0,21,30,,TARANTO
TC-260390 0-80mm,260390-0-80,code128,Alfa Romeo,48,unidad,unidad,unidad,258,405.05,1,No Tax,exclusive,05072017_0726451.jpeg,82,1.6 8v - Motor Tipo - Uno| Duna| Palio| Siena| Regatta - Competicion,NULL,0,0,0,21,30,,TARANTO
TC 04093253 3M,4093253,code128,Alfa Romeo,48,unidad,unidad,unidad,338,531.22,1,No Tax,exclusive,06022018_0726261.jpeg,82,Duna| Fiorino| 147 - (Esp. 2.20),1.3 8v D,0,0,0,21,30,,CICCARELLI
TC-454-15,7.89859E+12,code128,Alfa Romeo,48,unidad,unidad,unidad,354,355.11,2,No Tax,exclusive,14072015_1431141.jpeg,82,1.5 8v - Motor Tipo - 128| Uno| Duna| Super Europa| Regatta,NULL,10,25,0,21,30,,ILLINOIS
TC-405-15,8.00141E+12,code128,Alfa Romeo,48,unidad,unidad,unidad,354,355.11,2,No Tax,exclusive,14072015_1453101.jpeg,82,1.3 - 1.5 8v - Motor Tipo - 128| Duna| Spazio| Europa| Uno,NULL,10,25,0,21,30,,ILLINOIS
TC-534-15,8.00153E+12,code128,Alfa Romeo,48,unidad,unidad,unidad,430,431.40,3,No Tax,exclusive,15072015_1046311.jpeg,82,1.4 8v - Motor Tipo - 147| Duna| Uno| Spazio,NULL,10,25,0,21,30,,ILLINOIS
TC-608-20 3M,8.00161E+12,code128,Alfa Romeo,48,unidad,unidad,unidad,472,630.76,1,No Tax,exclusive,04032015_0728301.jpeg,82,Duna| Fiorino| 147 - (Esp. 2.10),1.3 8v D,10,25,0,21,30,,ILLINOIS
TC-608-20 2M,TC-608-20 2M,code128,Alfa Romeo,48,unidad,unidad,unidad,472,630.76,1,No Tax,exclusive,04032015_0722581.jpeg,82,Duna| Fiorino| 147 - (Esp. 1.95),1.3 8v D,10,25,0,21,30,,ILLINOIS
TC-608-20 1M,8.00155E+12,code128,Alfa Romeo,48,unidad,unidad,unidad,472,630.76,1,No Tax,exclusive,04032015_0726271.jpeg,82,Duna| Fiorino| 147 - (Esp. 1.85),1.3 8v D,10,25,0,21,30,,ILLINOIS
TC-725-15,8.00173E+12,code128,Alfa Romeo,48,unidad,unidad,unidad,506,507.69,2,No Tax,exclusive,14072015_1427321.jpeg,82,1.3 8v - Motor Fire - Palio| Uno| Siena| Fiorino,NULL,10,25,0,21,30,,ILLINOIS
JD - 0M,7.79396E+12,code128,Alfa Romeo,48,unidad,unidad,unidad,520,515.31,0,No Tax,exclusive,02062015_1016021.jpeg,82,1.7 - 1.9 8v Diesel y Turbo Diesel - Ducato| Duna| Uno| Siena| Palio| Fiorino - C/tapa 0M,NULL,16,25,0,21,30,,TARANTO
JD-104-15,8.0121E+12,code128,Alfa Romeo,48,unidad,unidad,unidad,527,528.71,1,No Tax,exclusive,29042015_1439251.jpeg,82,600 - 750 - 800 - 850 - Coupe - E| R| S,NULL,10,25,0,21,30,,ILLINOIS
TC-448-15,7.89859E+12,code128,Alfa Romeo,48,unidad,unidad,unidad,535,536.62,2,No Tax,exclusive,14072015_1421021.jpeg,82,1.4 8v - Motor Fire - Palio| Siena| Fiorino| Uno,NULL,10,25,0,21,30,,ILLINOIS
JD-152-ST,8.01215E+12,code128,Alfa Romeo,48,unidad,unidad,unidad,551,552.40,1,No Tax,exclusive,07072015_1329151.jpeg,82,1.7 - 1.9 8v Diesel y Turbo diesel - Fiorino| Palio| Ducato| Uno| Duna| Siena,NULL,10,25,0,21,30,,ILLINOIS
JD-145-15 Fiat 600 S / 133 8v,8.01215E+12,code128,Alfa Romeo,48,unidad,unidad,unidad,564,565.55,1,No Tax,exclusive,29042015_1447151.jpeg,82,Motor 843 / 903cc,NULL,10,25,0,21,30,,ILLINOIS
JD-109-15,8.01211E+12,code128,Alfa Romeo,48,unidad,unidad,unidad,574,576.07,2,No Tax,exclusive,29042015_1435491.jpeg,82,1.3 - 1.5 8v - Motor Tipo - 128| Spazio| Europa| Fiorino| Uno| Regatta,NULL,10,25,0,21,30,,ILLINOIS
TC-536-15,7.89859E+12,code128,Alfa Romeo,48,unidad,unidad,unidad,590,591.86,1,No Tax,exclusive,14072015_1429061.jpeg,82,1.3 8v - Motor MPI - Palio| Siena,NULL,10,25,0,21,30,,ILLINOIS
TC-618-15,7.89859E+12,code128,Alfa Romeo,48,unidad,unidad,unidad,590,591.86,2,No Tax,exclusive,15072015_1048391.jpeg,82,1.6 16v - Motor Torque - Palio| Siena| Marea,NULL,10,25,0,21,30,,ILLINOIS
JD-138-ST,8.01214E+12,code128,Alfa Romeo,48,unidad,unidad,unidad,603,605.01,2,No Tax,exclusive,02062015_0959531.jpeg,82,1.3 Diesel - Duna| Fiorino| 147,NULL,10,25,0,21,30,,ILLINOIS
JD-138,3093552,code128,Alfa Romeo,48,unidad,unidad,unidad,604,648.17,0,No Tax,exclusive,26112015_0946581.jpeg,82,1.3 Diesel - Duna| Fiorino| 147 - Con Junta de 2M,NULL,9,25,0,21,30,,CICCARELLI
JD-138,3093553,code128,Alfa Romeo,48,unidad,unidad,unidad,604,648.17,0,No Tax,exclusive,26112015_0945261.jpeg,82,1.3 Diesel - Duna| Fiorino| 147 - Con Junta de 3M,NULL,9,25,0,21,30,,CICCARELLI
SJ-235,8.01324E+12,code128,Alfa Romeo,48,unidad,unidad,unidad,614,820.61,1,No Tax,exclusive,24042015_0836081.jpeg,82,Duna| Fiorino| 147,1.3 8v D,10,25,0,21,30,,ILLINOIS
TC-615-20 0M,TC-615-20 0M,code128,Alfa Romeo,48,unidad,unidad,unidad,643,758.82,2,No Tax,exclusive,29052019_1038561.jpeg,82,Fiorino| Palio| Ducato| Uno| Duna| Siena - (Esp. 1.65),1.7 8v D-1.7 8v TD-1.9 8v D-1.9 8v TD,25,0,0,21,30,,ILLINOIS
TC-615-20 1M,TC-615-20 1M,code128,Alfa Romeo,48,unidad,unidad,unidad,643,758.82,1,No Tax,exclusive,29052019_1040251.jpeg,82,Fiorino| Palio| Ducato| Uno| Duna| Siena - (Esp. 1.85),1.7 8v D-1.7 8v TD-1.9 8v D-1.9 8v TD,25,0,0,21,30,,ILLINOIS
TC-615-20 2M,TC-615-20 2M,code128,Alfa Romeo,48,unidad,unidad,unidad,643,758.82,2,No Tax,exclusive,29052019_1041361.jpeg,82,Fiorino| Palio| Ducato| Uno| Duna| Siena - (Esp. 1.95),1.7 8v D-1.7 8v TD-1.9 8v D-1.9 8v TD,25,0,0,21,30,,ILLINOIS
TC-615-20 3M,TC-615-20 3M,code128,Alfa Romeo,48,unidad,unidad,unidad,643,758.82,1,No Tax,exclusive,29052019_1042361.jpeg,82,Fiorino| Palio| Ducato| Uno| Duna| Siena - (Esp. 2.10),1.7 8v D-1.7 8v TD-1.9 8v D-1.9 8v TD,25,0,0,21,30,,ILLINOIS
JD-137-15,JD-137-15,code128,Alfa Romeo,48,unidad,unidad,unidad,674,795.27,3,No Tax,exclusive,05022019_0836301.jpeg,82,1.6 8v - Motor Tipo - Uno| Duna| Palio| Siena| Regatta,1.6 8v (Tipo),10,25,0,21,30,,ILLINOIS
JD-108-15,8.01211E+12,code128,Alfa Romeo,48,unidad,unidad,unidad,677,678.65,1,No Tax,exclusive,29042015_1433121.jpeg,82,1.1cc 8v - 128| 147| Spazio| Europa,NULL,10,25,0,21,30,,ILLINOIS
JD-136-15 Fiat Tipo 1.5 8v Regatta 128,8.01214E+12,code128,Alfa Romeo,48,unidad,unidad,unidad,677,678.66,2,No Tax,exclusive,29042015_1437421.jpeg,82,Europa Uno Duna,NULL,10,25,0,21,30,,ILLINOIS
JD-135-15,8.01214E+12,code128,Alfa Romeo,48,unidad,unidad,unidad,708,710.23,2,No Tax,exclusive,29042015_1429291.jpeg,82,1.4 8v - Motor Tipo - 147| Duna| Uno| Spazio,NULL,10,25,0,21,30,,ILLINOIS
TC-448-MG,TC-448-MG,code128,Alfa Romeo,48,unidad,unidad,unidad,834,836.49,1,No Tax,exclusive,30032016_1455341.jpeg,82,1.4 8v - Motor Fire - Palio| Siena| Fiorino| Uno,NULL,10,25,0,21,30,,ILLINOIS
JD-353-15,8.01235E+12,code128,Alfa Romeo,48,unidad,unidad,unidad,866,868.06,1,No Tax,exclusive,29042015_1444051.jpeg,82,1.3 8v - Motor MPI - Palio| Siena,NULL,10,25,0,21,30,,ILLINOIS
JD-492-15,8.01249E+12,code128,Alfa Romeo,48,unidad,unidad,unidad,899,1060.36,2,No Tax,exclusive,22012019_0834231.jpeg,82,Uno| Fiorino| Siena| Palio,1.3 8v (Fire),10,25,0,21,30,,ILLINOIS
JR-137-15,8.00414E+12,code128,Alfa Romeo,48,unidad,unidad,unidad,936,939.07,1,No Tax,exclusive,21042015_1413471.jpeg,82,600| 750| 800| 850,600 (E/R)-850 (S),10,25,0,21,30,,ILLINOIS
JR-80232,80232,code128,Alfa Romeo,48,unidad,unidad,unidad,960,1510.08,1,No Tax,exclusive,19052017_1307141.jpeg,82,1.3 8v Nafta - Motor Fire - Uno| Fiorino| Palio - Con retenes,NULL,0,0,0,21,30,,SABO
JD-496-15,7.89859E+12,code128,Alfa Romeo,48,unidad,unidad,unidad,1.007,1187.60,2,No Tax,exclusive,16012019_1240441.jpeg,82,Palio| Siena| Fiorino| Uno,1.4 8v (Fire),10,25,0,21,30,,ILLINOIS
JR-283-15,8.00428E+12,code128,Alfa Romeo,48,unidad,unidad,unidad,1.007,1010.11,1,No Tax,exclusive,21042015_1407301.jpeg,82,133| 600 S mot. 903cc,850 (S)-133,10,25,0,21,30,,ILLINOIS
JR-230-15 R,JR-230-15R,code128,Alfa Romeo,48,unidad,unidad,unidad,1.029,1376.19,1,No Tax,exclusive,21042015_1402211.jpeg,82,1.3 - 1.5 8v Nafta - 128| Spazio| Fiorino| Uno| Regatta,1.3 8v (Tipo)-1.5 8v (Tipo),10,25,0,21,30,,ILLINOIS
JR-140-15,8.00414E+12,code128,Alfa Romeo,48,unidad,unidad,unidad,1.115,1117.96,0,No Tax,exclusive,21042015_1354271.jpeg,82,1100 62/63 4cil,1100 (62/63),10,25,0,21,30,,ILLINOIS
JR-294-15,8.00429E+12,code128,Alfa Romeo,48,unidad,unidad,unidad,1.159,1162.66,1,No Tax,exclusive,21042015_1405141.jpeg,82,Tipo 1.5 8val - Europa| Duna| Regatta 85| Uno,1.5 8v (Tipo),10,25,0,21,30,,ILLINOIS
JR-340-15,8.00434E+12,code128,Alfa Romeo,48,unidad,unidad,unidad,1.267,1495.11,2,No Tax,exclusive,21112018_1510571.jpeg,82,147| Duna| Uno| Spazio,1.4 8v (Tipo),10,25,0,21,30,,ILLINOIS
JR-496,JR-496,code128,Alfa Romeo,48,unidad,unidad,unidad,1.333,1336.27,1,No Tax,exclusive,21042015_1431051.jpeg,82,Palio| Siena| Fiorino| Uno,1.4 8v (Fire),10,25,0,21,30,,ILLINOIS
JR-341-15,7.89859E+12,code128,Alfa Romeo,48,unidad,unidad,unidad,1.354,1596.91,1,No Tax,exclusive,04062019_1415291.jpeg,82,Uno| Duna| Palio| Siena| Regatta,1.6 8v (Tipo),25,0,0,21,30,,ILLINOIS
JD - 3M,P03093563,code128,Alfa Romeo,48,unidad,unidad,unidad,1.364,1367.85,0,No Tax,exclusive,02062015_1010231.jpeg,82,1.7 - 1.9 8v Diesel y Turbo Diesel - Ducato| Duna| Uno| Siena| Palio| Fiorino - C/tapa 3M,NULL,10,25,0,21,30,,ILLINOIS
JD-493-15 Fiat Fire 1.3 16v Palio Siena,7.89859E+12,code128,Alfa Romeo,48,unidad,unidad,unidad,1.430,1433.61,1,No Tax,exclusive,29042015_1450281.jpeg,82,Stilo,NULL,10,25,0,21,30,,ILLINOIS
JR-353-15,8.00435E+12,code128,Alfa Romeo,48,unidad,unidad,unidad,1.440,1444.12,1,No Tax,exclusive,21042015_1433101.jpeg,82,1.3 8v - Motor MPI - Palio| Siena,1.3 8v (MPI),10,25,0,21,30,,ILLINOIS
JD-382-15,7.89859E+12,code128,Alfa Romeo,48,unidad,unidad,unidad,1.469,1473.06,2,No Tax,exclusive,29042015_1431081.jpeg,82,1.6 16v - Motor Torque - Palio| Siena| Marea,NULL,10,25,0,21,30,,ILLINOIS
JR-493-15,8.00449E+12,code128,Alfa Romeo,48,unidad,unidad,unidad,1.655,1659.82,1,No Tax,exclusive,21042015_1429001.jpeg,82,Nafta - Palio| Siena| Mito,1.3 16v (Fire),10,25,0,21,30,,ILLINOIS
JR-492-15,8.00449E+12,code128,Alfa Romeo,48,unidad,unidad,unidad,2.172,2178.03,1,No Tax,exclusive,21042015_1427181.jpeg,82,Nafta - Uno| Fiorino| Palio,1.3 8v (Fire),10,25,0,21,30,,ILLINOIS
JB-140,JB-140,code128,Alfa Romeo,48,unidad,unidad,unidad,47,109.27,2,No Tax,exclusive,13012016_1132101.jpeg,82,HOLLEY MOT.187/188 (BOCA CHICA),NULL,10,25,0,21,30,,ILLINOIS
JSA-132,8.00313E+12,code128,Alfa Romeo,48,unidad,unidad,unidad,84,84.18,1,No Tax,exclusive,13012016_1126521.jpeg,82,187 - 188 - 221 - Sprint - Max Econo - 7 Bancadas - Falcon,NULL,10,25,0,21,30,,ILLINOIS
TC-530-15,8.00153E+12,code128,Alfa Romeo,48,unidad,unidad,unidad,433,434.03,2,No Tax,exclusive,24062015_1357591.jpeg,82,1.6 8v - Motor CHT - Escort| Saveiro| Senda| Gol,NULL,10,25,0,21,30,,ILLINOIS
TC-421-15,7.89859E+12,code128,Alfa Romeo,48,unidad,unidad,unidad,472,473.49,2,No Tax,exclusive,03072015_0903371.jpeg,82,2.3 8v - Taunus,NULL,10,25,0,21,30,,ILLINOIS
TC-727-15,7.89859E+12,code128,Alfa Romeo,48,unidad,unidad,unidad,590,591.86,2,No Tax,exclusive,03072015_0906061.jpeg,82,1.0 8v - Nafta - Motor Zetec Rocam - Ka| Fiesta,NULL,10,25,0,21,30,,ILLINOIS
TC-600-15,7.89859E+12,code128,Alfa Romeo,48,unidad,unidad,unidad,590,591.86,1,No Tax,exclusive,03072015_0926591.jpeg,82,2.0 8v - Motor Audi - Galaxy| Escort| Volkswagen| Carat| Gol GTI,NULL,10,25,0,21,30,,ILLINOIS
JD-339-15,8.01234E+12,code128,Alfa Romeo,48,unidad,unidad,unidad,630,631.31,1,No Tax,exclusive,04052015_0903251.jpeg,82,1.6 8v Nafta - Motor CHT - Escort| Gol| Saveiro,NULL,10,25,0,21,30,,ILLINOIS
TC-629-15,7.89859E+12,code128,Alfa Romeo,48,unidad,unidad,unidad,630,631.31,2,No Tax,exclusive,03072015_0923481.jpeg,82,2.0 16v - Motor Zetec (DOHC) - Mondeo| Escort,NULL,10,25,0,21,30,,ILLINOIS
TC-453-15,8.00145E+12,code128,Alfa Romeo,48,unidad,unidad,unidad,630,631.31,2,No Tax,exclusive,03072015_0911311.jpeg,82,1.600cc 8v - Sierra - 84 / ...,NULL,10,25,0,21,30,,ILLINOIS
TC-426-15,8.00143E+12,code128,Alfa Romeo,48,unidad,unidad,unidad,630,631.31,2,No Tax,exclusive,03072015_0913411.jpeg,82,2.0 8v - Taunus| Guia| Gxl,NULL,10,25,0,21,30,,ILLINOIS
TC-637-20 3M,8.00164E+12,code128,Alfa Romeo,48,unidad,unidad,unidad,755,890.70,2,No Tax,exclusive,16042018_0845291.jpeg,82,Escort| Fiesta| Currier| Mondeo - (Esp. 1.42),1.8 8v D (ENDURA D)-1.8 8v TD (ENDURA D),10,25,0,21,30,,ILLINOIS
TC-637-20 2M,8.00164E+12,code128,Alfa Romeo,48,unidad,unidad,unidad,755,890.70,2,No Tax,exclusive,16042018_0841291.jpeg,82,Escort| Fiesta| Currier| Mondeo - (Esp. 1.36),1.8 8v D (ENDURA D)-1.8 8v TD (ENDURA D),10,25,0,21,30,,ILLINOIS
TC-637-20 4M,8.00164E+12,code128,Alfa Romeo,48,unidad,unidad,unidad,755,890.70,2,No Tax,exclusive,16042018_0843361.jpeg,82,Escort| Fiesta| Currier| Mondeo - (Esp. 1.52),1.8 8v D (ENDURA D)-1.8 8v TD (ENDURA D),10,25,0,21,30,,ILLINOIS
TC-637-20 1M,8.00164E+12,code128,Alfa Romeo,48,unidad,unidad,unidad,755,890.70,2,No Tax,exclusive,16042018_0840061.jpeg,82,Escort| Fiesta| Currier| Mondeo - (Esp. 1.20),1.8 8v D (ENDURA D)-1.8 8v TD (ENDURA D),10,25,0,21,30,,ILLINOIS
TC-201-20,8.0012E+12,code128,Alfa Romeo,48,unidad,unidad,unidad,783,923.74,1,No Tax,exclusive,09042019_1515161.jpeg,82,Transit - (Esp. 1.40),2.5 8v D/TD (4AE/4BC),10,25,0,21,30,,ILLINOIS
JD-717-ST,8.01272E+12,code128,Alfa Romeo,48,unidad,unidad,unidad,800,802.30,2,No Tax,exclusive,02062015_1004341.jpeg,82,2.5 8v Diesel - Transit,NULL,10,25,0,21,30,,ILLINOIS
JD-101-15,7.89859E+12,code128,Alfa Romeo,48,unidad,unidad,unidad,879,881.20,1,No Tax,exclusive,03062015_1314071.jpeg,82,187 / 188 / 221 - 7 Bancadas - Falcon,NULL,10,25,0,21,30,,ILLINOIS
JD-116-15,8.01212E+12,code128,Alfa Romeo,48,unidad,unidad,unidad,902,904.88,1,No Tax,exclusive,05052015_1333571.jpeg,82,2.0 8v - Taunus,NULL,10,25,0,21,30,,ILLINOIS
JD-296-15,8.0123E+12,code128,Alfa Romeo,48,unidad,unidad,unidad,1.128,1131.10,1,No Tax,exclusive,05052015_1331211.jpeg,82,1.6 8v - Sierra,NULL,10,25,0,21,30,,ILLINOIS
JR-356-15,8.00436E+12,code128,Alfa Romeo,48,unidad,unidad,unidad,1.149,1807.27,1,No Tax,exclusive,21042015_1343021.jpeg,82,1.3 8v Nafta - Motor Endura - Fiesta| Ka,1.3 8v (Endura),10,25,0,21,30,,ILLINOIS
JR-250-15,8.00425E+12,code128,Alfa Romeo,48,unidad,unidad,unidad,1.175,1178.45,2,No Tax,exclusive,21042015_1329201.jpeg,82,2.3 8v - Taunus| Sierra,2.3 8v (Taunus),10,25,0,21,30,,ILLINOIS
JR-339-15,8.00434E+12,code128,Alfa Romeo,48,unidad,unidad,unidad,1.201,1204.75,1,No Tax,exclusive,21042015_1347161.jpeg,82,1.6 8v Nafta - Motor CHT - Escort| Gol| Saveiro,1.6 8v (CHT),10,25,0,21,30,,ILLINOIS
JD-146-15,8.01215E+12,code128,Alfa Romeo,48,unidad,unidad,unidad,1.220,1223.17,2,No Tax,exclusive,03062015_1316581.jpeg,82,3.6 - Max Econo - Falcon| P-Up F100,NULL,10,25,0,21,30,,ILLINOIS
TC-201-MG,8.0012E+12,code128,Alfa Romeo,48,unidad,unidad,unidad,1.332,1571.43,1,No Tax,exclusive,09042019_1528041.jpeg,82,Transit - (Esp. 1.40),2.5 8v D/TD (4AE/4BC),10,25,0,21,30,,ILLINOIS
JR-274-15,8.00427E+12,code128,Alfa Romeo,48,unidad,unidad,unidad,1.369,1373.10,2,No Tax,exclusive,21042015_1340391.jpeg,82,2.0 8v - Taunus,2.0 8v (Taunus),10,25,0,21,30,,ILLINOIS
JR-296-15,8.0043E+12,code128,Alfa Romeo,48,unidad,unidad,unidad,1.443,1446.75,2,No Tax,exclusive,21042015_1322111.jpeg,82,1.6 8v - Sierra,1.6 8v (Sierra),10,25,0,21,30,,ILLINOIS
JD-388-15 Ford Zetec Rocam 1.0 8v,8.01239E+12,code128,Alfa Romeo,48,unidad,unidad,unidad,1.579,1583.54,2,No Tax,exclusive,04052015_1020321.jpeg,82,Fiesta Ka,NULL,10,25,0,21,30,,ILLINOIS
JD-535-15,JD-353-15,code128,Alfa Romeo,48,unidad,unidad,unidad,1.882,1887.06,2,No Tax,exclusive,27062016_1521051.jpeg,82,1.4 16v - Motor setec - Fiesta,NULL,10,25,0,21,30,,ILLINOIS
JD - 4M,P03034204,code128,Alfa Romeo,48,unidad,unidad,unidad,1.967,1972.84,0,No Tax,exclusive,03062015_1304251.jpeg,82,1.8 8v Diesel - Motor Endura - Fiesta| Currier| Mondeo| Escort - Mueca chica - C/ tapa 4M,1.8 8v D (ENDURA D)-1.8 8v TD (ENDURA D),10,25,0,21,30,,ILLINOIS
JR-389-15,8.00439E+12,code128,Alfa Romeo,48,unidad,unidad,unidad,2.209,2953.09,2,No Tax,exclusive,21042015_1337501.jpeg,82,Ka| Fiesta| Eco Sport| Focus,1.6 8v (ZETEC ROCAM),10,25,0,21,30,,ILLINOIS
JD-390-15,8.01239E+12,code128,Alfa Romeo,48,unidad,unidad,unidad,2.335,2341.12,1,No Tax,exclusive,04052015_1019061.jpeg,82,1.8 16v - Nafta - Motor Zetec - Escort,NULL,10,25,0,21,30,,ILLINOIS
SJ-265,8.01327E+12,code128,Alfa Romeo,48,unidad,unidad,unidad,2.782,2789.47,2,No Tax,exclusive,24042015_0833341.jpeg,82,Fiesta| Currier| Mondeo| Escort,1.8 8v D (ENDURA D)-1.8 8v TD (ENDURA D),10,25,0,21,30,,ILLINOIS
JR-388-15,8.00439E+12,code128,Alfa Romeo,48,unidad,unidad,unidad,2.946,2954.00,2,No Tax,exclusive,21042015_1351031.jpeg,82,Ka,1.0 8v (ZETEC ROCAM),10,25,0,21,30,,ILLINOIS
SJ-379,8.01338E+12,code128,Alfa Romeo,48,unidad,unidad,unidad,3.061,3069.76,1,No Tax,exclusive,24042015_0838281.jpeg,82,FOCUS,1.8 8v TDCI (DURATORQ),10,25,0,21,30,,ILLINOIS
JR-TH124,06110-689-000,code128,Alfa Romeo,48,unidad,unidad,unidad,456,745.15,1,No Tax,exclusive,,82,1.8 12v Nafta - Motor EK - Prelude| Acord| Vigor - C/ junta comun y retenes,NULL,10,0,0,21,50,,THG
JR-TH120,061A1-PM3-010,code128,Alfa Romeo,48,unidad,unidad,unidad,492,803.19,2,No Tax,exclusive,,82,1.3 16v - Motor D15B1| B2| B7| D16 - Civic CRX - c/ junta comÃºn y retenes,NULL,10,0,0,21,50,,THG
JR-TH127,061A0-PM6-000,code128,Alfa Romeo,48,unidad,unidad,unidad,689,1124.83,1,No Tax,exclusive,,82,1.5 16v - Motor D15B6 - Civic c/ junta comÃºn y retenes,NULL,10,0,0,21,50,,THG
JR-TH121,06110-P08-010,code128,Alfa Romeo,48,unidad,unidad,unidad,1.016,1660.29,2,No Tax,exclusive,01072016_1435131.,82,1.6 - 1.7 16v - Motor D16Z6| D17Z7 - Civic - c/ junta de chapa y retenes,NULL,10,0,0,21,50,,THG
JR-TH122,06110-P2A-000,code128,Alfa Romeo,48,unidad,unidad,unidad,1.035,1352.67,1,No Tax,exclusive,,82,1.6 16v - Motor D16Y7 - Civic c/junta de chapa y retenes,NULL,10,0,0,21,20,,THG
JR-TH125,061A1-PT0-000,code128,Alfa Romeo,48,unidad,unidad,unidad,1.183,1931.61,1,No Tax,exclusive,,82,2.0 - 2.2 16v - Motor F20A| F22A Accord c/ junta de chapa y retenes,NULL,10,0,0,21,50,,THG
JR-TH123,06110-RAA-A01,code128,Alfa Romeo,48,unidad,unidad,unidad,1.450,2368.25,1,No Tax,exclusive,,82,2.4 16v - Motor K24A4 - Accord c/junta de chapa y retenes,NULL,10,0,0,21,50,,THG
JR-TH075,20910-02B00,code128,Alfa Romeo,48,unidad,unidad,unidad,589,962.57,1,No Tax,exclusive,,82,1.0 12v - Motor G4HC - Atos - c/junta comun y retenes,NULL,10,0,0,21,50,,THG
JR-TH069,20910-38C00,code128,Alfa Romeo,48,unidad,unidad,unidad,1.065,1739.35,1,No Tax,exclusive,,82,2.4 16v - Motor G4JS - Santa Fe| Sonata| Tucson - c/junta chapa y retenes,NULL,10,0,0,21,50,,THG
JR-TH064,20910-22A00,code128,Alfa Romeo,48,unidad,unidad,unidad,1.150,1877.71,1,No Tax,exclusive,,82,1.3 - 1.5 12v - Motor GA4E| G4EH - SOHC - Accent| Verna - c/junta chapa y retenes,NULL,10,0,0,21,50,,THG
SJ-215,8.01322E+12,code128,Alfa Romeo,48,unidad,unidad,unidad,965,1290.19,1,No Tax,exclusive,23042015_1336031.jpeg,82,2.3 - 2.5 8v Diesel y Turbo Diesel,XD2 (INDENOR)-XD3 (INDENOR),10,25,0,21,30,,ILLINOIS
JR-TH026,8-94312-587-0,code128,Alfa Romeo,48,unidad,unidad,unidad,526,859.79,2,No Tax,exclusive,,82,2.6 8v - Motor 4ZE1 - Luv - C/junta comun y retenes,NULL,10,0,0,21,50,,THG
JR-TH022,5-87810-837-0,code128,Alfa Romeo,48,unidad,unidad,unidad,566,925.02,2,No Tax,exclusive,,82,2.3 8v - Motor 4ZD1 - Luv| Amigo| Trooper - C/ junta comun y retenes,NULL,10,0,0,21,50,,THG
JD-222-15,8.01222E+12,code128,Alfa Romeo,48,unidad,unidad,unidad,1.015,1357.08,1,No Tax,exclusive,28032018_1037191.jpeg,82,Luv| Amigo| Trooper,2.3 8v (4ZD1),10,25,0,21,30,,ILLINOIS
TC-JC0720150/4,JC0720150/4,code128,Alfa Romeo,48,unidad,unidad,unidad,478,638.71,1,No Tax,exclusive,05122017_1440181.jpeg,82,Sportage| Besta| Mazda 323| 626| B2200| E2200| Suzuki Vitara| Grand Vitara| B2200| E2200 - Inyector 24mm - Camara de agua Frontal,2.0 8v TD (RF)-2.2 8v D (R2),15,0,0,21,30,,MAHLE
TC-628-20 1M,TC-628-20 1M,code128,Alfa Romeo,48,unidad,unidad,unidad,773,911.91,2,No Tax,exclusive,03012019_1248201.jpeg,82,Ford| Chevrolet| Mercedes Benz - (Esp. 1.37),2.5 8v TDI,10,25,0,21,30,,ILLINOIS
TC-628-20 2M,TC-628-20 2M,code128,Alfa Romeo,48,unidad,unidad,unidad,773,911.91,1,No Tax,exclusive,03012019_1252101.jpeg,82,Ford| Chevrolet| Mercedes Benz - (Esp. 1.48),2.5 8v TDI,10,25,0,21,30,,ILLINOIS
TC-628-20 3M,TC-628-20 3M,code128,Alfa Romeo,48,unidad,unidad,unidad,773,911.91,1,No Tax,exclusive,03012019_1257001.jpeg,82,Ford| Chevrolet| Mercedes Benz - (Esp. 1.59),2.5 8v TDI,10,25,0,21,30,,ILLINOIS
TC-450-20,8.00145E+12,code128,Alfa Romeo,48,unidad,unidad,unidad,824,825.97,1,No Tax,exclusive,23042015_0907531.jpeg,82,3.9 - 4.0 - 4.1 Diesel y Turbo Diesel - Motor S4T,NULL,10,25,0,21,30,,ILLINOIS
JD-174-ST,8.01217E+12,code128,Alfa Romeo,48,unidad,unidad,unidad,879,881.21,2,No Tax,exclusive,23042015_0913411.jpeg,82,2.5 - 2.8 8v Turbo Diesel - Motor Maxion y Power Stroke - Ford| Chevrolet| Mercedes Benz,NULL,10,25,0,21,30,,ILLINOIS
TC-791-20 1M,7.89859E+12,code128,Alfa Romeo,48,unidad,unidad,unidad,970,1143.89,1,No Tax,exclusive,23052019_1602231.jpeg,82,Ranger - (Esp. 1.37),2.8 8v TDI (POWER STROKE),25,0,0,21,30,,ILLINOIS
TC-792-20 2M,7.89859E+12,code128,Alfa Romeo,48,unidad,unidad,unidad,970,1143.89,1,No Tax,exclusive,23052019_1603541.jpeg,82,Ranger - (Esp. 1.48),2.8 8v TDI (POWER STROKE),25,0,0,21,30,,ILLINOIS
TC-793-20 3M,7.89859E+12,code128,Alfa Romeo,48,unidad,unidad,unidad,970,1143.89,1,No Tax,exclusive,23052019_1606321.jpeg,82,Ranger - (Esp. 1.59),2.8 8v TDI (POWER STROKE),25,0,0,21,30,,ILLINOIS
TC-793-20 4M,7.89859E+12,code128,Alfa Romeo,48,unidad,unidad,unidad,981,1157.41,1,No Tax,exclusive,23052019_1600221.jpeg,82,Ranger - (Esp. 1.70),2.8 8v TDI (POWER STROKE),25,0,0,21,30,,ILLINOIS
SJ-272,8.01327E+12,code128,Alfa Romeo,48,unidad,unidad,unidad,1.315,1758.47,1,No Tax,exclusive,23042015_1250551.jpeg,82,Ford Ranger| Chevrolet S10| Mercedes Benz Sprinter,2.5 8v TDI-2.8 8v TDI (POWER STROKE),10,25,0,21,30,,ILLINOIS
JR-TH050,8ABY-10-271,code128,Alfa Romeo,48,unidad,unidad,unidad,532,869.68,2,No Tax,exclusive,,82,1.6 16v - Motor B6 - Ford Laser| 323 - c/ Junta comun y retenes,NULL,10,0,0,21,50,,THG
SJ-TH054,8ASX-10-271B,code128,Alfa Romeo,48,unidad,unidad,unidad,1.344,2195.93,1,No Tax,exclusive,,82,2.5 12v Diesel - Motor WL - B2500 - Pick Up| Truck - c/junta chapa y retenes,NULL,10,0,0,21,50,,THG
SJ-TH092,10101-W1725,code128,Alfa Romeo,48,unidad,unidad,unidad,595,972.46,1,No Tax,exclusive,,82,2.0 8v Diesel - Motor LD20 - C/junta comun y retenes,NULL,10,0,0,21,50,,THG
SJ-TH098,10101-09W26,code128,Alfa Romeo,48,unidad,unidad,unidad,711,1162.20,1,No Tax,exclusive,,82,2.3 8v Diesel - Motor SD23 - C/ junta chapa y retenes,NULL,10,0,0,21,50,,THG
SJ-TH090,10101-T9025,code128,Alfa Romeo,48,unidad,unidad,unidad,878,1434.96,1,No Tax,exclusive,,82,3.3 8v Diesel - Motor ED33 - Cabstar - C/ junta de chapa y retenes,NULL,10,0,0,21,50,,THG
JR-TH099,10101-EN228,code128,Alfa Romeo,48,unidad,unidad,unidad,1.198,1956.77,1,No Tax,exclusive,,82,1.8 16v Nafta - Motor MR18DE - Tiida - C/ junta chapa y retenes,NULL,10,0,0,21,50,,THG
JD-281-20 Maxion 3.9 / 4.0 / 4.1 S4T DIE,8.01228E+12,code128,Alfa Romeo,48,unidad,unidad,unidad,2.335,2341.12,1,No Tax,exclusive,23042015_0909501.jpeg,82,Maxion S4T Diesel y T. Diesel,NULL,10,25,0,21,30,,ILLINOIS
TC-607-20,7.89859E+12,code128,Alfa Romeo,48,unidad,unidad,unidad,713,715.49,1,No Tax,exclusive,23042015_0840181.jpeg,82,4-203 Potenciado,NULL,10,25,0,21,30,,ILLINOIS
JD-113-ST,8.01211E+12,code128,Alfa Romeo,48,unidad,unidad,unidad,790,791.77,2,No Tax,exclusive,30042015_1350011.jpeg,82,4-203 Potenciado - Sin tapa,NULL,10,25,0,21,30,,ILLINOIS
TC-361-01,7.89859E+12,code128,Alfa Romeo,48,unidad,unidad,unidad,863,865.42,1,No Tax,exclusive,23042015_0837121.jpeg,82,4-203 Potenciado - Junta Cobre,NULL,10,25,0,21,30,,ILLINOIS
SJ-210,8.01321E+12,code128,Alfa Romeo,48,unidad,unidad,unidad,1.729,1733.48,1,No Tax,exclusive,23042015_1258031.jpeg,82,Potenciado,4-203,10,25,0,21,30,,ILLINOIS
JD-113-01,7.89859E+12,code128,Alfa Romeo,48,unidad,unidad,unidad,1.994,1999.16,1,No Tax,exclusive,05052015_1324191.jpeg,82,4-203 Potenciado - C/junta Cobre,NULL,10,25,0,21,30,,ILLINOIS
SJ-213,8.01321E+12,code128,Alfa Romeo,48,unidad,unidad,unidad,2.017,2022.83,1,No Tax,exclusive,23042015_1300171.jpeg,82,PF,6-305,10,25,0,21,30,,ILLINOIS
TAPA DISTRIBUCION 1069900,1069900,code128,Alfa Romeo,48,unidad,unidad,unidad,75,74.93,1,No Tax,exclusive,25072017_0918141.jpeg,82,1.6 - 1.8 - 2.0 8v - Naf - 404 - 504 - 505,NULL,10,25,0,21,30,,ILLINOIS
TC-409-15,8.00141E+12,code128,Alfa Romeo,48,unidad,unidad,unidad,433,434.03,2,No Tax,exclusive,02072015_0933121.jpeg,82,1.800cc 8v - 504| 505,NULL,10,25,0,21,30,,ILLINOIS
TC-358-15,8.00136E+12,code128,Alfa Romeo,48,unidad,unidad,unidad,433,434.03,2,No Tax,exclusive,02072015_1000311.jpeg,82,1.600cc 8v - Nafta - 404| 504,NULL,10,25,0,21,30,,ILLINOIS
TC-648-15,7.89859E+12,code128,Alfa Romeo,48,unidad,unidad,unidad,482,483.17,2,No Tax,exclusive,27052016_0828421.jpeg,82,1.4 8v - Nafta - Motor TU3JP - 106 205 306 307 C2 C3 Berlingo,NULL,10,25,0,21,30,,ILLINOIS
TC-787-15,7.89859E+12,code128,Alfa Romeo,48,unidad,unidad,unidad,551,552.40,2,No Tax,exclusive,02072015_1014491.jpeg,82,1.6 8v - Motor TU5JP - 106| 206| 306| Xsara| Saxo,NULL,10,25,0,21,30,,ILLINOIS
TC-538-20 1M,8.00153E+12,code128,Alfa Romeo,48,unidad,unidad,unidad,586,783.67,1,No Tax,exclusive,19042018_0728061.jpeg,82,504| 505 - (Esp 1.45),XD2 (INDENOR)-XD3 (INDENOR),10,25,0,21,30,,ILLINOIS
TC-538-20 2M,7.89859E+12,code128,Alfa Romeo,48,unidad,unidad,unidad,586,783.67,2,No Tax,exclusive,19042018_0730311.jpeg,82,504| 505 - (Esp 1.60),XD2 (INDENOR)-XD3 (INDENOR),10,25,0,21,30,,ILLINOIS
TC-538-20 3M,7.89859E+12,code128,Alfa Romeo,48,unidad,unidad,unidad,586,783.67,2,No Tax,exclusive,19042018_0732091.jpeg,82,504| 505 - (Esp 1.70),XD2 (INDENOR)-XD3 (INDENOR),10,25,0,21,30,,ILLINOIS
TC-538-20 4M,7.89859E+12,code128,Alfa Romeo,48,unidad,unidad,unidad,586,783.67,2,No Tax,exclusive,19042018_0734091.jpeg,82,504| 505 - (Esp 1.80),XD2 (INDENOR)-XD3 (INDENOR),10,25,0,21,30,,ILLINOIS
TC-538-20 5M,8.00153E+12,code128,Alfa Romeo,48,unidad,unidad,unidad,586,783.67,2,No Tax,exclusive,19042018_0735221.jpeg,82,504| 505 - (Esp 1.90),XD2 (INDENOR)-XD3 (INDENOR),10,25,0,21,30,,ILLINOIS
TC-643-20 4M,8.00165E+12,code128,Alfa Romeo,48,unidad,unidad,unidad,593,793.22,2,No Tax,exclusive,05042018_1303351.jpeg,82,206| 306| 405| Partner| Berlingo| Xsara - (Esp. 1.90),1.9 8v D (DW8)-1.9 8v D (XUD9)-1.9 8v TD (XUD9T),10,25,0,21,30,,ILLINOIS
TC-643-20 3M,8.00164E+12,code128,Alfa Romeo,48,unidad,unidad,unidad,593,793.22,4,No Tax,exclusive,05042018_1105041.jpeg,82,206| 306| 405| Partner| Berlingo| Xsara - (Esp. 1.70),1.9 8v D (DW8)-1.9 8v D (XUD9)-1.9 8v TD (XUD9T),10,25,0,21,30,,ILLINOIS
TC-643-20 2M,8.00164E+12,code128,Alfa Romeo,48,unidad,unidad,unidad,593,793.22,3,No Tax,exclusive,05042018_1101061.jpeg,82,206| 306| 405| Partner| Berlingo| Xsara - (Esp. 1.58),1.9 8v D (DW8)-1.9 8v D (XUD9)-1.9 8v TD (XUD9T),10,25,0,21,30,,ILLINOIS
TC-643-20 1M,8.00164E+12,code128,Alfa Romeo,48,unidad,unidad,unidad,593,793.22,2,No Tax,exclusive,05042018_1055151.jpeg,82,206| 306| 405| Partner| Berlingo| Xsara - (Esp. 1.46),1.9 8v D (DW8)-1.9 8v D (XUD9)-1.9 8v TD (XUD9T),10,25,0,21,30,,ILLINOIS
TC-598-15,8.0016E+12,code128,Alfa Romeo,48,unidad,unidad,unidad,614,615.52,2,No Tax,exclusive,02072015_0956221.jpeg,82,2.0 8v - Motor XU10 - 405 GRI| SRI| 306 XSI - Diam: 86mm,NULL,10,25,0,21,30,,ILLINOIS
TC-599-15,TC-599-15,code128,Alfa Romeo,48,unidad,unidad,unidad,614,615.52,1,No Tax,exclusive,02072015_1032061.jpeg,82,1.8 16v - Motor XU7JP4 - 306| Xsara| Zx| Xantia,NULL,10,25,0,21,30,,ILLINOIS
TC-359-20,8.00136E+12,code128,Alfa Romeo,48,unidad,unidad,unidad,706,707.60,2,No Tax,exclusive,07072015_1410231.jpeg,82,488 - Indenor - Motor Indenor - Rastrojero,NULL,10,25,0,21,30,,ILLINOIS
JD-176-15,7.89859E+12,code128,Alfa Romeo,48,unidad,unidad,unidad,729,974.80,2,No Tax,exclusive,05052015_1305491.jpeg,82,1.6| 1.9 8v Nafta - Motor XU5| XU9 - 405| 306 - A Carburador,NULL,10,25,0,21,30,,ILLINOIS
JD-120-15 Peugeot 504 1.800cc 8v,8.01212E+12,code128,Alfa Romeo,48,unidad,unidad,unidad,761,762.84,2,No Tax,exclusive,05052015_1319171.jpeg,82,504,NULL,10,25,0,21,30,,ILLINOIS
TC-643-MG 1M,8.00164E+12,code128,Alfa Romeo,48,unidad,unidad,unidad,843,1127.71,1,No Tax,exclusive,05042018_1048101.jpeg,82,206| 306| 405| Partner| Berlingo| Xsara - (Esp. 1.46),1.9 8v D (DW8)-1.9 8v D (XUD9)-1.9 8v TD (XUD9T),10,25,0,21,30,,ILLINOIS
TC-643-MG 2M,8.00164E+12,code128,Alfa Romeo,48,unidad,unidad,unidad,843,1127.71,1,No Tax,exclusive,05042018_1049591.jpeg,82,206| 306| 405| Partner| Berlingo| Xsara - (Esp. 1.58),1.9 8v D (DW8)-1.9 8v D (XUD9)-1.9 8v TD (XUD9T),10,25,0,21,30,,ILLINOIS
TC-643-MG 3M,8.00164E+12,code128,Alfa Romeo,48,unidad,unidad,unidad,843,1127.71,1,No Tax,exclusive,05042018_1051161.jpeg,82,206| 306| 405| Partner| Berlingo| Xsara - (Esp. 1.70),1.9 8v D (DW8)-1.9 8v D (XUD9)-1.9 8v TD (XUD9T),10,25,0,21,30,,ILLINOIS
JR-233-15,8.00423E+12,code128,Alfa Romeo,48,unidad,unidad,unidad,886,1185.05,1,No Tax,exclusive,26042018_1354221.jpeg,82,504 XE| XL| XSE - AÃ±o 1973/78,1.8 8v (504),10,25,0,21,30,,ILLINOIS
JR-276-15,8.00428E+12,code128,Alfa Romeo,48,unidad,unidad,unidad,886,1185.05,1,No Tax,exclusive,23022018_1139361.jpeg,82,504| 505,2.0 8v (504/505),10,25,0,21,30,,ILLINOIS
JD-164-ST,8.01216E+12,code128,Alfa Romeo,48,unidad,unidad,unidad,965,968.02,3,No Tax,exclusive,28052015_1337401.jpeg,82,1.9 8v Diesel y Turbo Diesel - Motor XUD7| XUD9 - 205| 306| 405| Partner| Berlingo| Boxer,NULL,10,25,0,21,30,,ILLINOIS
SJ-259,7.89859E+12,code128,Alfa Romeo,48,unidad,unidad,unidad,974,1531.39,2,No Tax,exclusive,13082018_1106221.jpeg,82,306| 405| Partner| Berlingo| Expert,1.9 8v D (XUD9)-1.9 8v TD (XUD9T),10,25,0,21,30,,ILLINOIS
JD-257-ST,8.01226E+12,code128,Alfa Romeo,48,unidad,unidad,unidad,1.055,1057.44,3,No Tax,exclusive,28052015_1354401.jpeg,82,1.9 Diesel - Motor DW8 - 206| Partner| Berlingo| Xsara,NULL,10,25,0,21,30,,ILLINOIS
SJ-257,8.01326E+12,code128,Alfa Romeo,48,unidad,unidad,unidad,1.056,1661.34,3,No Tax,exclusive,23042015_1338401.jpeg,82,206| Partner| Berlingo| Xsara| Expert,1.9 8v D (DW8),10,25,0,21,30,,ILLINOIS
JD-396-15 Peugeot 2.0 8v inyeccion,8.0124E+12,code128,Alfa Romeo,48,unidad,unidad,unidad,1.058,1414.42,2,No Tax,exclusive,02072015_1025161.jpeg,82,2.0 8v Nafta - Motor XU10 - 306| 405| Xantia -  A 86mm,NULL,10,25,0,21,30,,ILLINOIS
JD-385-15,8.01239E+12,code128,Alfa Romeo,48,unidad,unidad,unidad,1.151,1538.66,1,No Tax,exclusive,05052015_1309121.jpeg,82,1.8 8v Nafta - Motor XUD7JP - 306| 405| 406| Xsara| Xantia| Partner,NULL,10,25,0,21,30,,ILLINOIS
JD-119-20,8.01212E+12,code128,Alfa Romeo,48,unidad,unidad,unidad,1.159,1162.67,2,No Tax,exclusive,07072015_1434451.jpeg,82,488 - Indenor - Motor Indenor - Rastrojero - C/tapa,NULL,10,25,0,21,30,,ILLINOIS
JR-199-15,8.00042E+13,code128,Alfa Romeo,48,unidad,unidad,unidad,1.246,1249.46,1,No Tax,exclusive,16042015_1425061.jpeg,82,1.600cc 8v - 404,"1.6 8v (404)
",10,25,0,21,30,,ILLINOIS
JR-317-15,8.00432E+12,code128,Alfa Romeo,48,unidad,unidad,unidad,1.296,1299.46,1,No Tax,exclusive,16042015_1416401.jpeg,82,2.0 8v Nafta - 505 GAMA C/AA,2.0 8v (505 GAMA),10,25,0,21,30,,ILLINOIS
JR-385-15,8.00439E+12,code128,Alfa Romeo,48,unidad,unidad,unidad,1.594,2131.18,1,No Tax,exclusive,16042015_1406151.jpeg,82,1.8 8v Nafta - Motor XUD7JP - 306| 405| 406| Xsara| Xantia| Partner,1.8 8v Iny. (XU7JP),10,25,0,21,30,,ILLINOIS
TC-378-15,8.00138E+12,code128,Alfa Romeo,48,unidad,unidad,unidad,372,373.52,2,No Tax,exclusive,24062015_1355151.jpeg,82,1.300cc 8v - R4| R5| R6| R12,NULL,10,25,0,21,30,,ILLINOIS
JD-144-15,7.89859E+12,code128,Alfa Romeo,48,unidad,unidad,unidad,396,529.83,2,No Tax,exclusive,28042015_1323231.jpeg,82,R11| R12| R18| R19| Clio,1.6 8v (Carburador),10,25,0,21,30,,ILLINOIS
JD-122-15 Renault R12 1.4 8v,8.01212E+12,code128,Alfa Romeo,48,unidad,unidad,unidad,525,526.09,1,No Tax,exclusive,28042015_1326291.jpeg,82,R12| R6,NULL,10,25,0,21,30,,ILLINOIS
JD-147-15,8.01215E+12,code128,Alfa Romeo,48,unidad,unidad,unidad,525,526.10,1,No Tax,exclusive,28042015_1314561.jpeg,82,1.4 8v Nafta - R11| R12| R18| Junior,NULL,10,25,0,21,30,,ILLINOIS
JD-163-ST,8.01216E+12,code128,Alfa Romeo,48,unidad,unidad,unidad,558,745.44,4,No Tax,exclusive,02062015_0941191.jpeg,82,R19| Clio| Kangoo| Trafic| Express| Megane| Scenic,1.9 D (F8Q)-1.9 DTI (F9Q),10,25,0,21,30,,ILLINOIS
TC-443-15,7.89859E+12,code128,Alfa Romeo,48,unidad,unidad,unidad,564,565.55,2,No Tax,exclusive,24062015_1352121.jpeg,82,2.0 - 2.2 8v - R18| R21| Trafic| Fuego,NULL,10,25,0,21,30,,ILLINOIS
TC-334-15,7.89859E+12,code128,Alfa Romeo,48,unidad,unidad,unidad,565,754.99,2,No Tax,exclusive,07022018_0718011.jpeg,82,1.6 16v - Motor K4M - Megane| Scenic| Clio| Kangoo| Logan,1.6 16v (K4M),10,25,0,21,30,,ILLINOIS
TC-595-15,7.89859E+12,code128,Alfa Romeo,48,unidad,unidad,unidad,590,591.86,2,No Tax,exclusive,24062015_1349411.jpeg,82,1.8 - 2.0 8v - Nafta - Motor F3P| F3R - R19| Clio| Laguna| Megane| Scenic,NULL,10,25,0,21,30,,ILLINOIS
JD-170-15,7.89859E+12,code128,Alfa Romeo,48,unidad,unidad,unidad,598,798.96,2,No Tax,exclusive,28042015_1305201.jpeg,82,R19| Clio - (Inyeccion),1.6 8v (C1L/C2L),10,25,0,21,30,,ILLINOIS
TC-663-20 3M,8.00166E+12,code128,Alfa Romeo,48,unidad,unidad,unidad,600,802.77,5,No Tax,exclusive,19042018_0814111.jpeg,82,Kangoo| Clio 2| Trafic - (Esp. 1.60),1.9 D (F8Q),10,25,0,21,30,,ILLINOIS
TC-663-20 1M,8.00166E+12,code128,Alfa Romeo,48,unidad,unidad,unidad,600,802.78,2,No Tax,exclusive,19042018_0806231.jpeg,82,Kangoo| Clio 2| Trafic - (Esp. 1.50),1.9 D (F8Q),10,25,0,21,30,,ILLINOIS
TC-663-20 4M,8.00166E+12,code128,Alfa Romeo,48,unidad,unidad,unidad,600,802.78,2,No Tax,exclusive,19042018_0816191.jpeg,82,Kangoo| Clio 2| Trafic - (Esp. 1.70),1.9 D (F8Q),10,25,0,21,30,,ILLINOIS
TC-663-20 5M,8.00167E+12,code128,Alfa Romeo,48,unidad,unidad,unidad,600,802.78,2,No Tax,exclusive,19042018_0818061.jpeg,82,Kangoo| Clio 2| Trafic - (Esp. 1.80),1.9 D (F8Q),10,25,0,21,30,,ILLINOIS
TC-663-20 2M,8.00166E+12,code128,Alfa Romeo,48,unidad,unidad,unidad,601,803.02,3,No Tax,exclusive,19042018_0805391.jpeg,82,Kangoo| Clio 2| Trafic - (Esp. 1.40),1.9 D (F8Q),10,25,0,21,30,,ILLINOIS
JD-299-15 Renault 1.4 8v Trafic- R9- R11,7.89859E+12,code128,Alfa Romeo,48,unidad,unidad,unidad,669,670.77,2,No Tax,exclusive,28042015_1317371.jpeg,82,R18| R19,NULL,10,25,0,21,30,,ILLINOIS
JD-140-15,7.89859E+12,code128,Alfa Romeo,48,unidad,unidad,unidad,702,828.18,2,No Tax,exclusive,08042019_1557201.jpeg,82,2.0 2.2 8v - Nafta - R18| R21| Trafic| Fuego,2.0 8v (R18)-2.2 8v (R18/R21),10,25,0,21,30,,ILLINOIS
TC-788-15,TC-788-15,code128,Alfa Romeo,48,unidad,unidad,unidad,706,707.60,2,No Tax,exclusive,30032016_1451551.jpeg,82,1.8 - 2.0 16v - Motor F4R| F4P - Scenic| Laguna| Clio II| Megane,NULL,10,25,0,21,30,,ILLINOIS
TC-633-20 2M,8.00163E+12,code128,Alfa Romeo,48,unidad,unidad,unidad,788,930.02,2,No Tax,exclusive,21092018_1034071.jpeg,82,R19| Clio| Express - (Esp. 1.65),1.9 D (F8Q),10,25,0,21,30,,ILLINOIS
TC-633-20 1M,8.00163E+12,code128,Alfa Romeo,48,unidad,unidad,unidad,788,930.02,2,No Tax,exclusive,21092018_1032501.jpeg,82,R19| Clio| Express - (Esp. 1.75),1.9 D (F8Q),10,25,0,21,30,,ILLINOIS
TC-633-20 3M,8.00163E+12,code128,Alfa Romeo,48,unidad,unidad,unidad,788,930.02,4,No Tax,exclusive,21092018_1035071.jpeg,82,R19| Clio| Express - (Esp. 1.85),1.9 D (F8Q),10,25,0,21,30,,ILLINOIS
TC-633-20 4M,8.00163E+12,code128,Alfa Romeo,48,unidad,unidad,unidad,788,930.02,2,No Tax,exclusive,21092018_1036171.jpeg,82,R19| Clio| Express - (Esp. 1.95),1.9 D (F8Q),10,25,0,21,30,,ILLINOIS
TC-633-20 5M,8.00166E+12,code128,Alfa Romeo,48,unidad,unidad,unidad,788,930.02,1,No Tax,exclusive,21092018_1037421.jpeg,82,R19| Clio| Express - (Esp. 2.10),1.9 D (F8Q),10,25,0,21,30,,ILLINOIS
TC-563-20 1M,8.00165E+12,code128,Alfa Romeo,48,unidad,unidad,unidad,801,944.98,1,No Tax,exclusive,18032019_0840151.jpeg,82,Trafic| R18| R21 - (Esp. 1.70),2.1 D (J8S),10,25,0,21,30,,ILLINOIS
TC-563-20 2M,8.00156E+12,code128,Alfa Romeo,48,unidad,unidad,unidad,801,944.98,2,No Tax,exclusive,18032019_0841051.jpeg,82,Trafic| R18| R21 - (Esp. 1.60),2.1 D (J8S),10,25,0,21,30,,ILLINOIS
TC-563-20 3M,8.00156E+12,code128,Alfa Romeo,48,unidad,unidad,unidad,801,944.98,1,No Tax,exclusive,18032019_0841411.jpeg,82,Trafic| R18| R21 - (Esp. 1.85),2.1 D (J8S),10,25,0,21,30,,ILLINOIS
JR-253-15,8.00425E+12,code128,Alfa Romeo,48,unidad,unidad,unidad,843,1127.71,1,No Tax,exclusive,07022018_0659171.jpeg,82,R6| R11| R12| R18 - Para Carburador de 1 boca,1.4 8v (Junior)-1.4 8v (R12),10,25,0,21,30,,ILLINOIS
JR-298-15,8.0043E+12,code128,Alfa Romeo,48,unidad,unidad,unidad,843,1127.71,2,No Tax,exclusive,21042015_1302381.jpeg,82,R6| R11| R12| R18 - Para carburador de 1 y 2 bocas,1.4 8v (Junior)-1.4 8v (R12),10,25,0,21,30,,ILLINOIS
TC-334-MG,TC-334-MG,code128,Alfa Romeo,48,unidad,unidad,unidad,851,1137.27,2,No Tax,exclusive,07022018_0719201.jpeg,82,Megane| Scenic| Clio| Kangoo| Sandero| Logan,1.6 16v (K4M),10,25,0,21,30,,ILLINOIS
JR-342-15,7.89859E+12,code128,Alfa Romeo,48,unidad,unidad,unidad,872,1165.94,2,No Tax,exclusive,21042015_1241571.jpeg,82,R9| R11| R19| Clio| R18| R12,1.6 8v (Carburador),10,25,0,21,30,,ILLINOIS
TC-671-20 2M,8.00167E+12,code128,Alfa Romeo,48,unidad,unidad,unidad,892,894.35,1,No Tax,exclusive,06032015_0721081.jpeg,82,Megan| Scenic| Laguna| iny. directa (Esp. 1.40),1.9 DTI (F9Q),10,25,0,21,30,,ILLINOIS
TC-673-20 3M,8.00167E+12,code128,Alfa Romeo,48,unidad,unidad,unidad,892,894.35,1,No Tax,exclusive,06032015_0722351.jpeg,82,Megan| Scenic| Laguna| iny. directa (Esp. 1.60),1.9 DTI (F9Q),10,25,0,21,30,,ILLINOIS
TC-672-20 1M,8.00167E+12,code128,Alfa Romeo,48,unidad,unidad,unidad,892,894.35,1,No Tax,exclusive,06032015_0723401.jpeg,82,Megan| Scenic| Laguna| iny. directa (Esp. 1.50),1.9 DTI (F9Q),10,25,0,21,30,,ILLINOIS
TC-663-MG 3M,8.00166E+12,code128,Alfa Romeo,48,unidad,unidad,unidad,901,1204.17,1,No Tax,exclusive,19042018_0815111.jpeg,82,Kangoo| Clio 2| Trafic - METALICA (Esp. 1.60),1.9 D (F8Q),10,25,0,21,30,,ILLINOIS
TC-663-MG 1M,8.00166E+12,code128,Alfa Romeo,48,unidad,unidad,unidad,901,1204.17,1,No Tax,exclusive,19042018_0812241.jpeg,82,Kangoo| Clio 2| Trafic - METALICA (Esp. 1.50),1.9 D (F8Q),10,25,0,21,30,,ILLINOIS
TC-663-MG 2M,8.00166E+12,code128,Alfa Romeo,48,unidad,unidad,unidad,901,1204.17,1,No Tax,exclusive,19042018_0804061.jpeg,82,Kangoo| Clio 2| Trafic - METALICA (Esp. 1.40),1.9 D (F8Q),10,25,0,21,30,,ILLINOIS
JD-343-15,7.89859E+12,code128,Alfa Romeo,48,unidad,unidad,unidad,925,1236.28,2,No Tax,exclusive,28042015_1254471.jpeg,82,Clio| Kangoo| Megan| Scenic,1.6 16v (K4M),10,25,0,21,30,,ILLINOIS
JD-212-15,8.01221E+12,code128,Alfa Romeo,48,unidad,unidad,unidad,942,944.33,1,No Tax,exclusive,28042015_1302211.jpeg,82,1.4 8v - Motor Energy - Clio| Megane| Kangoo,NULL,10,25,0,21,30,,ILLINOIS
JR-213-15,8.00421E+12,code128,Alfa Romeo,48,unidad,unidad,unidad,1.070,1073.23,1,No Tax,exclusive,21042015_1310451.jpeg,82,1.0 - 1.3 8v - R12| R4| R5| R6,1.0 8v (R4S)-1.3 8v (R12),10,25,0,21,30,,ILLINOIS
TC-886-MG,TC-886-MG,code128,Alfa Romeo,48,unidad,unidad,unidad,1.122,1124.72,1,No Tax,exclusive,14102016_1428521.jpeg,82,1.2 16v - Motor D4F - Clio| Twingo,NULL,10,25,0,21,30,,ILLINOIS
JD-344-15 Renault 1.6 8v K7M Kangoo,7.89859E+12,code128,Alfa Romeo,48,unidad,unidad,unidad,1.131,1133.74,2,No Tax,exclusive,28042015_1308531.jpeg,82,Clio| Megane,NULL,10,25,0,21,30,,ILLINOIS
TC-631-MG 1M,8.00163E+12,code128,Alfa Romeo,48,unidad,unidad,unidad,1.138,1141.62,2,No Tax,exclusive,05032015_0851061.jpeg,82,R19| Clio| Express - (Esp. 1.75),1.9 D (F8Q),10,25,0,21,30,,ILLINOIS
TC-632-MG 2M,8.00163E+12,code128,Alfa Romeo,48,unidad,unidad,unidad,1.138,952.93,1,No Tax,exclusive,05032015_0853371.jpeg,82,R19| Clio| Express - (Esp. 1.65),1.9 D (F8Q),10,25,0,21,30,,ILLINOIS
TC-633-MG 3M,8.00163E+12,code128,Alfa Romeo,48,unidad,unidad,unidad,1.138,1141.62,1,No Tax,exclusive,05032015_0855531.jpeg,82,R19| Clio| Express - (Esp. 1.85),1.9 D (F8Q),10,25,0,21,30,,ILLINOIS
JR-212-15R,8.00421E+12,code128,Alfa Romeo,48,unidad,unidad,unidad,1.287,1720.24,1,No Tax,exclusive,07022018_0707351.jpeg,82,Clio| Megane| Kangoo,1.4 8v (ENERGY),10,25,0,21,30,,ILLINOIS
SJ-367,8.01337E+12,code128,Alfa Romeo,48,unidad,unidad,unidad,1.384,1632.95,1,No Tax,exclusive,05072018_1207191.jpeg,82,R19| Clio| Kangoo| Trafic| Express,1.9 D (F8Q),10,25,0,21,30,,ILLINOIS
JR-344-15,7.89859E+12,code128,Alfa Romeo,48,unidad,unidad,unidad,1.408,1882.71,1,No Tax,exclusive,21042015_1234061.jpeg,82,1.6 8v - Motor K7M - Clio| Kangoo| Megan| Logan| Symbol,1.6 8v (K7M),10,25,0,21,30,,ILLINOIS
JR-299-15R,JR-299-15R,code128,Alfa Romeo,48,unidad,unidad,unidad,1.440,1698.84,1,No Tax,exclusive,15052019_1530581.jpeg,82,R9| R11| R19| R21,1.4 8v (C1J/C2J TURBO),25,0,0,21,30,,ILLINOIS
SJ-249,8.01325E+12,code128,Alfa Romeo,48,unidad,unidad,unidad,1.458,1720.08,1,No Tax,exclusive,18032019_1608081.jpeg,82,Trafic| Rodeo| R18| R21,2.1 D (J8S),10,25,0,21,30,,ILLINOIS
JR-286-15,7.89859E+12,code128,Alfa Romeo,48,unidad,unidad,unidad,1.577,1580.92,1,No Tax,exclusive,21042015_1315591.jpeg,82,2.0 - 2.2 8v - R18| R21| Fuego| Trafic,2.0 8v (R18)-2.2 8v (R18/R21),10,25,0,21,30,,ILLINOIS
JD-395-15,JD-395-15,code128,Alfa Romeo,48,unidad,unidad,unidad,1.603,1891.38,1,No Tax,exclusive,29052019_1033431.jpeg,82,Twingo,1.0 8v (D7D)-1.2 8v (D7F),25,0,0,21,30,,ILLINOIS
SJ-504,8.0135E+12,code128,Alfa Romeo,48,unidad,unidad,unidad,1.637,2188.52,1,No Tax,exclusive,23042015_1353261.jpeg,82,Clio 2| Kangoo| Megane,1.5 TDCI (K9K),10,25,0,21,30,,ILLINOIS
JR-343-15,7.89859E+12,code128,Alfa Romeo,48,unidad,unidad,unidad,1.694,2264.99,1,No Tax,exclusive,07022018_0710021.jpeg,82,Megane| Scenic| Clio| Kangoo| Logan| Sandero,1.6 16v (K4M),10,25,0,21,30,,ILLINOIS
TC-418-15,8.00142E+12,code128,Alfa Romeo,48,unidad,unidad,unidad,745,747.05,2,No Tax,exclusive,16122015_0908211.jpeg,82,3.8 - Torino 7 Bancadas - 181| 230| 300| 380,NULL,10,25,0,21,30,,ILLINOIS
JR-TH103,04111-28017,code128,Alfa Romeo,48,unidad,unidad,unidad,399,652.26,2,No Tax,exclusive,,82,1.6 8v Nafta - Motor 2T| 3T - Celica| Corolla| Carina| Cresta| Carmy - C/ junta comun y retenes,NULL,10,0,0,21,50,,THG
TC-876-20 2M,TC-876-20 2M,code128,Alfa Romeo,48,unidad,unidad,unidad,736,984.36,1,No Tax,exclusive,03012018_0709441.jpeg,82,Hilux| 4 Runner| Land Cruiser - (Esp. 0.85),3.0 8v TD (1KZ-T)-3.0 8v TD (1KZ-TE),10,25,0,21,30,,ILLINOIS
TC-877-20 1M,TC-877-20 1M,code128,Alfa Romeo,48,unidad,unidad,unidad,736,984.36,1,No Tax,exclusive,03012018_0714371.jpeg,82,Hilux| 4 Runner| Land Cruiser - (Esp. 0.75),3.0 8v TD (1KZ-T)-3.0 8v TD (1KZ-TE),10,25,0,21,30,,ILLINOIS
TC-877-20 3M,TC-877-20 3M,code128,Alfa Romeo,48,unidad,unidad,unidad,736,984.36,1,No Tax,exclusive,03012018_0717081.jpeg,82,Hilux| 4 Runner| Land Cruiser - (Esp. 0.95),3.0 8v TD (1KZ-T)-3.0 8v TD (1KZ-TE),10,25,0,21,30,,ILLINOIS
TC-554-20,8.00155E+12,code128,Alfa Romeo,48,unidad,unidad,unidad,784,786.52,1,No Tax,exclusive,15072015_1244581.jpeg,82,1.8 8v Turbo Diesel - Motor C1 - Hice| Town| Ace| Carina| Wide| Corolla,NULL,10,25,0,21,30,,ILLINOIS
SJ-TH106,04111-54100,code128,Alfa Romeo,48,unidad,unidad,unidad,949,1549.60,2,No Tax,exclusive,,82,2.4 8v Diesel - Motor 2L - Hilux| Dina - c/ junta de chapa y retenes,NULL,10,0,0,21,50,,THG
SJ-TH102,04111-67020,code128,Alfa Romeo,48,unidad,unidad,unidad,1.252,2045.71,2,No Tax,exclusive,,82,3.0 8v Turbo Diesel - 1KZ-T| 1KZ-TE - Hilux| Runner - C/ junta de chapa y retenes,NULL,10,0,0,21,50,,THG
TC-554-MG,8.00155E+12,code128,Alfa Romeo,48,unidad,unidad,unidad,1.256,1260.00,1,No Tax,exclusive,15072015_1246281.jpeg,82,1.8 8v Turbo Diesel - Motor C1 - Hice| Town| Ace| Carina| Wide| Corolla,NULL,10,25,0,21,30,,ILLINOIS
TC-527-20 5M,TC-527-20 5M,code128,Alfa Romeo,48,unidad,unidad,unidad,429,573.41,2,No Tax,exclusive,06122017_1051181.jpeg,82,Gol| Saveiro| Senda - (Esp. 1.90),1.6 8v D,10,25,0,21,30,,ILLINOIS
TC-527-20 3M,TC-527-20 3M,code128,Alfa Romeo,48,unidad,unidad,unidad,429,573.41,3,No Tax,exclusive,06122017_1045431.jpeg,82,Gol| Saveiro| Senda - (Esp. 1.60),1.6 8v D,10,25,0,21,30,,ILLINOIS
TC-527-20 1M,TC-527-20,code128,Alfa Romeo,48,unidad,unidad,unidad,429,573.41,2,No Tax,exclusive,06122017_1036371.jpeg,82,Gol| Saveiro| Senda - (Esp. 1.45),1.6 8v D,10,25,0,21,30,,ILLINOIS
TC-527-20 2M,TC-527-20 2M,code128,Alfa Romeo,48,unidad,unidad,unidad,429,573.41,2,No Tax,exclusive,06122017_1043091.jpeg,82,Gol| Saveiro| Senda - (Esp. 1.50),1.6 8v D,10,25,0,21,30,,ILLINOIS
TC-456-15,TC-456-15,code128,Alfa Romeo,48,unidad,unidad,unidad,472,473.48,2,No Tax,exclusive,15072015_1149171.jpeg,82,1.6 8v - Gacel| Passat,NULL,10,25,0,21,30,,ILLINOIS
JD-130-15,7.89859E+12,code128,Alfa Romeo,48,unidad,unidad,unidad,656,657.61,3,No Tax,exclusive,29042015_1412341.jpeg,82,1.6 - 1.8 8v Nafta - Senda Gol Gacel - Para carburador,NULL,10,25,0,21,30,,ILLINOIS
JD-129-15,8.01213E+12,code128,Alfa Romeo,48,unidad,unidad,unidad,761,762.83,2,No Tax,exclusive,29042015_1417421.jpeg,82,1.6 8v Nafta - Gacel - hasta el 87,NULL,10,25,0,21,30,,ILLINOIS
TC-652-20 1M,8.00165E+12,code128,Alfa Romeo,48,unidad,unidad,unidad,787,928.70,1,No Tax,exclusive,19042018_0741461.jpeg,82,Polo| Golf| Caddy| Transporter| Cordoba - (Esp. 1.50),1.9 8v D,25,0,0,21,30,,ILLINOIS
TC-652-20 4M,8.00165E+12,code128,Alfa Romeo,48,unidad,unidad,unidad,787,928.70,2,No Tax,exclusive,19042018_0754531.jpeg,82,Polo| Golf| Caddy| Transporter| Cordoba - (Esp. 1.80),1.9 8v D,25,0,0,21,30,,ILLINOIS
TC-652-20 3M,8.00165E+12,code128,Alfa Romeo,48,unidad,unidad,unidad,787,928.70,0,No Tax,exclusive,19042018_0751531.jpeg,82,Polo| Golf| Caddy| Transporter| Cordoba - (Esp. 1.70),1.9 8v D,25,0,0,21,30,,ILLINOIS
TC-652-20 2M,8.00165E+12,code128,Alfa Romeo,48,unidad,unidad,unidad,787,928.70,1,No Tax,exclusive,19042018_0747391.jpeg,82,Polo| Golf| Caddy| Transporter| Cordoba - (Esp. 1.60),1.9 8v D,25,0,0,21,30,,ILLINOIS
JR-326-15,8.00433E+12,code128,Alfa Romeo,48,unidad,unidad,unidad,793,1060.81,1,No Tax,exclusive,16042015_1334351.jpeg,82,1.6 1.8 8v Nafta - Gacel| Senda| Gol| Santana| Carat - A Carburador,1.6 8v (Gol/Senda)-1.8 8v (Gol/Senda),10,25,0,21,30,,ILLINOIS
TC-652-MG 3M,8.00165E+12,code128,Alfa Romeo,48,unidad,unidad,unidad,879,1175.50,1,No Tax,exclusive,19042018_0752261.jpeg,82,Polo| Golf| Caddy| Transporter| Cordoba - METALICA (Esp. 1.70),1.9 8v D,10,25,0,21,30,,ILLINOIS
TC-652-MG 2M,8.00165E+12,code128,Alfa Romeo,48,unidad,unidad,unidad,879,1175.50,1,No Tax,exclusive,19042018_0749281.jpeg,82,Polo| Golf| Caddy| Transporter| Cordoba - METALICA (Esp. 1.60),1.9 8v D,10,25,0,21,30,,ILLINOIS
JD-171-15,7.89859E+12,code128,Alfa Romeo,48,unidad,unidad,unidad,1.091,1094.28,2,No Tax,exclusive,29042015_1415321.jpeg,82,2.0 8v Nafta - Galaxy| Carat| Pointer| Gol,NULL,10,25,0,21,30,,ILLINOIS
SJ-271,8.01327E+12,code128,Alfa Romeo,48,unidad,unidad,unidad,1.151,1538.67,1,No Tax,exclusive,23042015_1255251.jpeg,82,Polo| Golf| Caddy| Transporter| Cordoba,1.9 8v D-1.9 8v TD,10,25,0,21,30,,ILLINOIS
JR-302-15,8.0043E+12,code128,Alfa Romeo,48,unidad,unidad,unidad,1.188,1191.60,1,No Tax,exclusive,16042015_1340161.jpeg,82,1.6 8val M/viejo - Gacel| Gol,1.6 8v (Gacel),10,25,0,21,30,,ILLINOIS
JD-516-15,7.89859E+13,code128,Alfa Romeo,48,unidad,unidad,unidad,1.280,1283.66,3,No Tax,exclusive,29042015_1406371.jpeg,82,1.6 8v - Nafta - Voyage| Golf| Suran| Gol trend| Fox,NULL,10,25,0,21,30,,ILLINOIS
JD-510-15,7.89859E+12,code128,Alfa Romeo,48,unidad,unidad,unidad,1.393,1396.78,2,No Tax,exclusive,29042015_1409311.jpeg,82,1.6 8v - Nafta - Gol| Polo| Saveiro - Inyeccion,NULL,10,25,0,21,30,,ILLINOIS
JR-360-15,7.89859E+12,code128,Alfa Romeo,48,unidad,unidad,unidad,1.440,1444.12,2,No Tax,exclusive,16042015_1338061.jpeg,82,2.0 8v. L/vieja - Galaxy| Escort| Carat,2.0 8v (Go/Senda),10,25,0,21,30,,ILLINOIS
JR-510-15,8.00451E+12,code128,Alfa Romeo,48,unidad,unidad,unidad,3.017,3025.04,2,No Tax,exclusive,16042015_1330031.jpeg,82,Nafta - Inyeccion - Gol| Polo| Saveiro,1.6 8v (Gol/Senda),10,25,0,21,30,,ILLINOIS
TC-608-20 0M,TC-608-20 0M,code128,Alfa Romeo,48,unidad,unidad,unidad,472,630.76,1,No Tax,exclusive,04032015_0722271.jpeg,82,Duna| Fiorino| 147 - (Esp. 1.65),1.3 8v D,10,25,0,21,30,HSN,ILLINOIS
2199300,2199300,code128,Alfa Romeo,74,unidad,unidad,unidad,123,193.48,1,No Tax,exclusive,21062018_1505271.jpeg,,"Formajunta Sellador RTV Neutro OxÃ­mico \Top Black\"". Pomo 70gr.""",Negro,10,25,0,21,30,,ILLINOIS
2099300,2099300,code128,Alfa Romeo,74,unidad,unidad,unidad,204,320.89,1,No Tax,exclusive,21062018_1501491.jpeg,,"Adhesivo Sellador RTV Acetico \Uso MÃºltiple\"". Cartucho 280ml.""",Transparente,10,25,0,21,30,,ILLINOIS
2099110,8.02099E+12,code128,Alfa Romeo,74,unidad,unidad,unidad,225,300.84,16,No Tax,exclusive,21062018_1233041.jpeg,,ADHESIVO SELLADOR RTV Alta Temperatura acÃ©tico Cartucho 280ml.,Rojo,10,25,0,21,30,,ILLINOIS
2199110,7.89859E+12,code128,Alfa Romeo,74,unidad,unidad,unidad,459,613.71,8,No Tax,exclusive,21062018_1252211.jpeg,,FORMAJUNTA SELLADOR RTV neutro Top Grey Cartucho 315gr.,Gris,10,25,0,21,30,,ILLINOIS
2099210,8.02099E+12,code128,Alfa Romeo,74,unidad,unidad,unidad,93,146.29,10,No Tax,exclusive,21062018_1236221.jpeg,,ADHESIVO SELLADOR RTV Alta Temperatura acÃ©tico. Pomo 85ml.,Rojo,10,25,0,21,30,,ILLINOIS
2199210,7.89859E+12,code128,Alfa Romeo,74,unidad,unidad,unidad,147,231.23,10,No Tax,exclusive,21062018_1254211.jpeg,,FORMAJUNTA SELLADOR RTV neutro Top Grey Pomo 95gr.,Gris,10,25,0,21,30,,ILLINOIS
TDS 512 83,TDS512/83,code128,Alfa Romeo,75,unidad,unidad,unidad,74,116.41,1,No Tax,exclusive,09112017_1000091.jpeg,49,Fiat A 56mm,NULL,0,0,0,21,30,,NAP
TDS 545 89,TDS545/89,code128,Alfa Romeo,75,unidad,unidad,unidad,63,99.49,1,No Tax,exclusive,09112017_1357541.jpeg,49,1.600cc 8v - Sierra - A 48mm,NULL,0,0,0,21,30,,NAP
TDS 507 74,TDS507/74,code128,Alfa Romeo,75,unidad,unidad,unidad,66,103.47,2,No Tax,exclusive,27102017_1318111.jpeg,49,FORD / CHEVROLET UNIVERSAL A 54mm,NULL,0,0,0,21,30,,NAP
TDS 507 72,TDS507/72,code128,Alfa Romeo,75,unidad,unidad,unidad,66,103.47,2,No Tax,exclusive,27102017_1427321.jpeg,49,FORD / CHEVROLET UNIVERSAL A 54mm,NULL,0,0,0,21,30,,NAP
TDS 507 82,TDS507/82,code128,Alfa Romeo,75,unidad,unidad,unidad,66,103.47,2,No Tax,exclusive,01112017_1401301.jpeg,49,FORD / CHEVROLET UNIVERSAL A 54mm,NULL,0,0,0,21,30,,NAP
TDS 546 92,TDS546/92,code128,Alfa Romeo,75,unidad,unidad,unidad,66,103.47,1,No Tax,exclusive,09112017_1005031.jpeg,49,Courier| Fiesta| Ka - Motor Endura Naftero - A 54mm,NULL,0,0,0,21,30,,NAP
TDS 505 74,TDS505/74,code128,Alfa Romeo,75,unidad,unidad,unidad,71,111.43,2,No Tax,exclusive,01112017_1425031.jpeg,49,RENAULT EN MANGUERA A 43.3mm,NULL,0,0,0,21,30,,NAP
TDS 548P 88,TDS548P/88,code128,Alfa Romeo,75,unidad,unidad,unidad,79,124.37,2,No Tax,exclusive,09112017_1009131.jpeg,49,1.8 16v - Motor Zetec - A 52mm C/purga,NULL,0,0,0,21,30,,NAP
TDS 566 87,TDS566/87,code128,Alfa Romeo,75,unidad,unidad,unidad,90,141.28,2,No Tax,exclusive,01112017_1441571.jpeg,49,1.0 - 1.6 8v - Motor Rocam - Fiesta| Ka| Focus,NULL,0,0,0,21,30,,NAP
TDS 566 82,TDS566/82,code128,Alfa Romeo,75,unidad,unidad,unidad,90,141.28,2,No Tax,exclusive,01112017_1446491.jpeg,49,1.0 - 1.6 8v - Motor Rocam - Fiesta| Ka| Focus,NULL,0,0,0,21,30,,NAP
TDS 528 82,TDS528/82,code128,Alfa Romeo,75,unidad,unidad,unidad,85,134.31,1,No Tax,exclusive,09112017_1401131.jpeg,49,LINEA JAPONESA A52mm - Desentrado grande,NULL,0,0,0,21,30,,NAP
TDS 549 88,TDS549/88,code128,Alfa Romeo,75,unidad,unidad,unidad,87,136.30,2,No Tax,exclusive,09112017_0922421.jpeg,49,CHEVROLET| FORD| MERCEDEZ BENZ A 52mm - Motor Maxion,NULL,0,0,0,21,30,,NAP
TDS 520 83,TDS520/83,code128,Alfa Romeo,75,unidad,unidad,unidad,69,108.45,2,No Tax,exclusive,09112017_0909351.jpeg,49,Peugeot A 58.6mm Con junta,NULL,0,0,0,21,30,,NAP
TDS 520 75,TDS520/75,code128,Alfa Romeo,75,unidad,unidad,unidad,69,108.45,1,No Tax,exclusive,09112017_0918421.jpeg,49,Peugeot A 58.6mm Con junta,NULL,0,0,0,21,30,,NAP
TDS 506 75,TDS506/75,code128,Alfa Romeo,75,unidad,unidad,unidad,80,125.36,1,No Tax,exclusive,01112017_1417291.jpeg,49,PEUGEOT EN MANGUERA A 55.2mm,NULL,0,0,0,21,30,,NAP
TDS 564 82,TDS564/82,code128,Alfa Romeo,75,unidad,unidad,unidad,68,107.45,2,No Tax,exclusive,09112017_0926441.jpeg,49,Renault / Peugeot A 53.4mm,NULL,0,0,0,21,30,,NAP
TDS 564 89,TDS564/89,code128,Alfa Romeo,75,unidad,unidad,unidad,68,107.45,2,No Tax,exclusive,09112017_0948061.jpeg,49,Renault / Peugeot A 53.4mm,NULL,0,0,0,21,30,,NAP
TDS 505 86,TDS505/86,code128,Alfa Romeo,75,unidad,unidad,unidad,71,111.43,1,No Tax,exclusive,09112017_1348441.jpeg,49,RENAULT EN MANGUERA A 43.3mm,NULL,0,0,0,21,30,,NAP
TDS 565 88,TDS565/88,code128,Alfa Romeo,75,unidad,unidad,unidad,66,103.47,2,No Tax,exclusive,09112017_1332271.jpeg,49,1.0 - 1.4 - 1.6 8v - Golf| Caddy| Bora,NULL,0,0,0,21,30,,NAP
TDS 535 80,TDS535.80,code128,Alfa Romeo,75,unidad,unidad,unidad,81,127.35,2,No Tax,exclusive,27102017_1411301.jpeg,49,VOLKSWAGEN / FORD A 54mm - Motor audi,NULL,0,0,0,21,30,,NAP
TDS 535 87,TDS535/87,code128,Alfa Romeo,75,unidad,unidad,unidad,81,127.35,2,No Tax,exclusive,01112017_1434131.jpeg,49,VOLKSWAGEN / FORD A 54mm - Motor audi,NULL,0,0,0,21,30,,NAP
1428 92,1428.92,code128,Alfa Romeo,75,unidad,unidad,unidad,139,218.88,2,No Tax,exclusive,10102017_1510521.jpeg,76,Corsa| Corsa Clasic| Agile| Celta| Fun| Meriva,1.0 8v-1.4 8v (EFI)-1.4 8v (MPFI)-1.6 8v (C16SE)-1.8 8v (MPFI),0,0,0,21,30,,NAP
1427 82,1427.82,code128,Alfa Romeo,75,unidad,unidad,unidad,235,370.11,2,No Tax,exclusive,17102017_1436091.jpeg,76,1.8 - 2.0 8v - Nafta - Astra| Vectra| Kadett| Monza,NULL,0,0,0,21,30,,NAP
1423 92,1423.92,code128,Alfa Romeo,75,unidad,unidad,unidad,235,370.11,1,No Tax,exclusive,18102017_1336331.jpeg,76,1.8 - 2.0 Nafta - Monza| Kadett - S/valvula inferior - Iny. Electronica,NULL,0,0,0,21,30,,NAP
1426 82,1426.82,code128,Alfa Romeo,75,unidad,unidad,unidad,276,433.79,1,No Tax,exclusive,18102017_0758301.jpeg,76,2.4 - S10| Pick Up| Motor EFV| MPFI,NULL,0,0,0,21,30,,NAP
1425 92,1425.92,code128,Alfa Romeo,75,unidad,unidad,unidad,276,433.79,1,No Tax,exclusive,18102017_0802111.jpeg,76,1.8 - 2.0 Nafta - Monza| Ipanema| Kadett - Iny. Electronica,NULL,0,0,0,21,30,,NAP
1424 82,1424.82,code128,Alfa Romeo,75,unidad,unidad,unidad,276,433.79,1,No Tax,exclusive,18102017_1339361.jpeg,76,1.8 - 2.0 Nafta - Monza| Ipanema| Kadett - Motor GS| GSI| EFI - Carburador,NULL,0,0,0,21,30,,NAP
1900 82,1900.82,code128,Alfa Romeo,75,unidad,unidad,unidad,286,449.71,1,No Tax,exclusive,18102017_0815311.jpeg,76,Corsa| Astra - Motor MPFI 8v,NULL,0,0,0,21,30,,NAP
1915 92,1915.92,code128,Alfa Romeo,75,unidad,unidad,unidad,292,459.65,1,No Tax,exclusive,17102017_1441221.jpeg,76,1.8 16v - Meriva| Astrs| Corsa,NULL,0,0,0,21,30,,NAP
1430 92,1430.92,code128,Alfa Romeo,75,unidad,unidad,unidad,369,581.03,1,No Tax,exclusive,18102017_0823551.jpeg,76,2.0 - 2.2 - 2.4 16v - Nafta - Motor MPFI - Astra| Vectra| Zafira - Sin perno,NULL,0,0,0,21,30,,NAP
1431 92,1431.92,code128,Alfa Romeo,75,unidad,unidad,unidad,369,581.03,1,No Tax,exclusive,18102017_0828211.jpeg,76,2.0 - 2.2 - 2.4 16v - Nafta - Motor MPFI - Astra| Vectra| Zafira - Con perno,NULL,0,0,0,21,30,,NAP
1406 87,1406.87,code128,Alfa Romeo,75,unidad,unidad,unidad,192,302.46,2,No Tax,exclusive,06102017_1552101.jpeg,76,1.4 8v - Motor Tipo - 147| Duna| Uno| Spazio,NULL,0,0,0,21,30,,NAP
1405 82,1405.82,code128,Alfa Romeo,75,unidad,unidad,unidad,192,302.46,2,No Tax,exclusive,06102017_1551551.jpeg,76,1.6 8v - Motor Tipo - Uno| Duna| Palio| Siena| Regatta,NULL,0,0,0,21,30,,NAP
1418 87,1418.87,code128,Alfa Romeo,75,unidad,unidad,unidad,214,336.28,2,No Tax,exclusive,18102017_0819491.jpeg,76,1.3 16v - Motor Fire - Uno| Fiorino| Siena| Palio,NULL,0,0,0,21,30,,NAP
1412 87,1412.87,code128,Alfa Romeo,75,unidad,unidad,unidad,248,390.01,1,No Tax,exclusive,12102017_0931261.jpeg,76,1.6 8v Nafta - Motor Tipo - Monopunto,NULL,0,0,0,21,30,,NAP
1408 87,1408.87,code128,Alfa Romeo,75,unidad,unidad,unidad,293,461.64,1,No Tax,exclusive,09102017_1031031.jpeg,76,1.6 8v Nafta - Motor Tipo - Siena| Palio,NULL,0,0,0,21,30,,NAP
1407 80,1407.80,code128,Alfa Romeo,75,unidad,unidad,unidad,372,585.31,2,No Tax,exclusive,09102017_0955441.jpeg,76,1.7 Diesel - Uno| Fiorino| Duna,NULL,0,0,0,21,30,,NAP
1401 83,1401.83,code128,Alfa Romeo,75,unidad,unidad,unidad,380,596.95,1,No Tax,exclusive,17102017_1400521.jpeg,76,1.6 8v - Fiat 125,NULL,0,0,0,21,30,,NAP
1402 83,1402.83,code128,Alfa Romeo,75,unidad,unidad,unidad,426,670.58,1,No Tax,exclusive,12102017_0955221.jpeg,76,1.3 - 1.5 8v - 128| 147| Duna| Uno| Fiorino,NULL,0,0,0,21,30,,NAP
1410 80,1410.80,code128,Alfa Romeo,75,unidad,unidad,unidad,455,716.34,1,No Tax,exclusive,09102017_1036271.jpeg,76,1.3 8v Diesel - Duna| Fiorino| 147,NULL,0,0,0,21,30,,NAP
1931 88,1931.88,code128,Alfa Romeo,75,unidad,unidad,unidad,462,726.29,1,No Tax,exclusive,12102017_0906381.jpeg,76,1.3 16v Turbo Diesel - Motor Multijet - Strada,NULL,0,0,0,21,30,,NAP
1930 90,1930.90,code128,Alfa Romeo,75,unidad,unidad,unidad,520,817.83,1,No Tax,exclusive,12102017_1007091.jpeg,76,1.6 16v Nafta - Motor E-TorQ - Idea| Palio| Adventure| Strada,NULL,0,0,0,21,30,,NAP
1742 87,1742.87,code128,Alfa Romeo,75,unidad,unidad,unidad,585,920.21,1,No Tax,exclusive,12102017_0950411.jpeg,76,1.3 8v - Motor MPI - Palio| Siena,1.3 8v (MPI),0,0,0,21,30,,NAP
1409 80,1409.80,code128,Alfa Romeo,75,unidad,unidad,unidad,830,1305.34,1,No Tax,exclusive,09102017_1006201.jpeg,76,1.7 Turbo Diesel - Siena| Palio - Sin Aire,NULL,0,0,0,21,30,,NAP
1409 80 A/A,1409AR.80,code128,Alfa Romeo,75,unidad,unidad,unidad,830,1305.34,1,No Tax,exclusive,09102017_1013491.jpeg,76,Siena| Palio - Con Aire,1.7 8v TD,0,0,0,21,30,,NAP
1411 80,1411.80,code128,Alfa Romeo,75,unidad,unidad,unidad,830,1305.34,1,No Tax,exclusive,18102017_1342451.jpeg,76,1.9 8v Diesel y Turbo Diesel - Ducato| Boxer,NULL,0,0,0,21,30,,NAP
1417 87,1417.87,code128,Alfa Romeo,75,unidad,unidad,unidad,854,1343.15,1,No Tax,exclusive,17102017_1331141.jpeg,76,1.6 16v - Motor Torque - Palio| Siena,NULL,0,0,0,21,30,,NAP
1850 82,1850.82,code128,Alfa Romeo,75,unidad,unidad,unidad,321,505.42,2,No Tax,exclusive,09102017_1351441.jpeg,76,1.6 8v Nafta - Motor Zetec Rocam - Fiesta| Ka| Focus| Ecosport,NULL,0,0,0,21,30,,NAP
1845 82,1845.82,code128,Alfa Romeo,75,unidad,unidad,unidad,340,535.27,1,No Tax,exclusive,09102017_1344271.jpeg,76,1.6 8v Nafta - Motor Zetec Rocam - Fiesta| Ka| Focus| Ecosport,NULL,0,0,0,21,30,,NAP
1413 79,1413.79,code128,Alfa Romeo,75,unidad,unidad,unidad,386,606.90,1,No Tax,exclusive,12102017_0919311.jpeg,76,F100 Motor MWM,NULL,0,0,0,21,30,,NAP
1860 88,1860.88,code128,Alfa Romeo,75,unidad,unidad,unidad,466,732.26,2,No Tax,exclusive,10102017_1557231.png,76,3.0 Turbo Diesel - Motor Internacional,NULL,0,0,0,21,30,,NAP
1807 88,1807.88,code128,Alfa Romeo,75,unidad,unidad,unidad,486,764.10,2,No Tax,exclusive,12102017_0927461.jpeg,76,2.8 8v Turbo diesel - Motor Power Stroke - Ranger,NULL,0,0,0,21,30,,NAP
XS4G 9K478 BD,XS4G 9K478 BD,code128,Alfa Romeo,75,unidad,unidad,unidad,548,862.00,1,No Tax,exclusive,14032018_1033361.jpeg,76,Escort| Focus| Mondeo,1.8 16v (ZETEC)-2.0 16v (ZETEC),0,0,0,21,30,,NAP
1870 82,1870.82,code128,Alfa Romeo,75,unidad,unidad,unidad,563,885.48,1,No Tax,exclusive,17102017_1347341.jpeg,76,2.0 - 2.3 16v Nafta - Motor Duratec - Eco sport| Mondeo| Ranger,NULL,0,0,0,21,30,,NAP
M2S6 G8A586 D1C,M2S6 G8A586 D1C,code128,Alfa Romeo,75,unidad,unidad,unidad,720,1131.77,1,No Tax,exclusive,14032018_1547011.jpeg,76,Fiesta| Ka| Focus| Ecosport - (Con bulbo y Termostato),1.6 8v (ZETEC ROCAM),0,0,0,21,30,,NAP
1803 88,1803.88,code128,Alfa Romeo,75,unidad,unidad,unidad,879,1382.94,1,No Tax,exclusive,12102017_0854201.jpeg,76,1.8 8v Diesel y Turbo Diesel - Motor Endura - Fiesta| Currier| Mondeo| Escort - Tapa oblicua,NULL,0,0,0,21,30,,NAP
1808 88,1808.88,code128,Alfa Romeo,75,unidad,unidad,unidad,959,1508.30,1,No Tax,exclusive,17102017_1414241.jpeg,76,2.8 8v Turbo diesel - Motor Power Stroke - Ranger,NULL,0,0,0,21,30,,NAP
1809 88,1809.88,code128,Alfa Romeo,75,unidad,unidad,unidad,974,1532.18,1,No Tax,exclusive,17102017_1340271.jpeg,76,2.5 Turbo Diesel 8v - Motor Maxion - Ford| Chevrolet| Mercedez Benz,NULL,0,0,0,21,30,,NAP
M2S6 G8A586 D1C.AL,M2S6 G8A586 D1C.AL,code128,Alfa Romeo,75,unidad,unidad,unidad,984,1547.05,1,No Tax,exclusive,,76,Fiesta| Ka| Focus| Ecosport - (Con bulbo y Termostato) - Aluminio,1.6 8v (ZETEC ROCAM),0,0,0,21,30,,NAP
1815 88,1815.88,code128,Alfa Romeo,75,unidad,unidad,unidad,990,1558.05,1,No Tax,exclusive,17102017_1354571.jpeg,76,1.6 - 1.8 - 2.0 16v - Motor Zetec - Escort| Fiesta| Mondeo,NULL,0,0,0,21,30,,NAP
1414 80,1414.80,code128,Alfa Romeo,75,unidad,unidad,unidad,278,437.77,1,No Tax,exclusive,18102017_0753211.jpeg,76,MWM 4.10,NULL,0,0,0,21,30,,NAP
1595,1595.92,code128,Alfa Romeo,75,unidad,unidad,unidad,466,732.26,2,No Tax,exclusive,12102017_0848271.jpeg,76,1.4 - 1.6 16v - 106| 207| 307| Partner| 208| 308 - Citroen Xsara| C4| C3| Berlingo| Zx - Aluminio,NULL,0,0,0,21,30,,NAP
CCP1596,1336.Y8 AL,code128,Alfa Romeo,75,unidad,unidad,unidad,804,1264.69,1,No Tax,exclusive,,76,207| 307| 406| 806| Expert| Partner| Berlingo| Xsara| C5| C4 - Aluminio,1.4 8v (TU3JP),0,0,0,21,30,,NAP
1917 89,1917.89,code128,Alfa Romeo,75,unidad,unidad,unidad,207,326.33,1,No Tax,exclusive,09102017_1512181.jpeg,76,1.5 8v Turbo Diesel - Motor K9K - Clio| Megane - Sin Soporte,NULL,0,0,0,21,30,,NAP
1910 89,1910.89,code128,Alfa Romeo,75,unidad,unidad,unidad,218,342.25,1,No Tax,exclusive,12102017_1103401.jpeg,76,1.2 16v Nafta - Motor D4F - Clio 2| Clio 3| Clio Mio,NULL,0,0,0,21,30,,NAP
1918 89,1918.89,code128,Alfa Romeo,75,unidad,unidad,unidad,223,350.21,1,No Tax,exclusive,09102017_1435171.jpeg,76,1.5 8v Turbo Diesel - Motor K9K - Clio| Megane - Con soporte,NULL,0,0,0,21,30,,NAP
1920,1920,code128,Alfa Romeo,75,unidad,unidad,unidad,242,380.06,1,No Tax,exclusive,17102017_1449101.jpeg,76,1.2 8v - Motor D7F - Clio| Twingo| Kangoo,NULL,0,0,0,21,30,,NAP
1916 89,1916.89,code128,Alfa Romeo,75,unidad,unidad,unidad,243,382.05,2,No Tax,exclusive,09102017_1310271.jpeg,76,1.5 8v Turbo Diesel - Motor K9K - Clio| Megane,NULL,0,0,0,21,30,,NAP
1905 89,1905.89,code128,Alfa Romeo,75,unidad,unidad,unidad,644,1012.83,1,No Tax,exclusive,09102017_1427331.jpeg,76,R19| Clio| Express| Kangoo| Trafic,1.9 DTI (F9Q)-1.9 D (F8Q),0,0,0,21,30,,NAP
CWP1601,32121111,code128,Alfa Romeo,75,unidad,unidad,unidad,995,1564.35,1,No Tax,exclusive,31052019_1436401.jpeg,76,Fox| Suran| Gol Trend| Voyage,1.6 8v (Fox/Suran),0,0,0,21,30,,NAP
90411829,90411829,code128,Alfa Romeo,77,unidad,unidad,unidad,804,1264.69,1,No Tax,exclusive,,,Corsa classic| Agile| Celta| fun,1.4 8v (EFI)-1.4 8v (MPFI)-1.4 8v (G3)-1.6 8v (C16SE),0,0,0,21,30,,IMPORTADO
50441/0,50441/0,code128,Alfa Romeo,78,unidad,unidad,unidad,302,304.03,1,No Tax,exclusive,,,147| Fiorino| Duna| Uno,1.4 8v (Tipo),36,0,0,21,30,,CYC